message_id,generation,num_children,audio,chain_id,parent_id,game_name,chain_name,message_name
13,1,0,between-category-game-a/frip/gen-1.wav,4,4.0,between-category-game-a,frip,gen-1.wav
453,1,0,between-category-game-a/frip/gen-1_7D8dfIB.wav,4,4.0,between-category-game-a,frip,gen-1_7D8dfIB.wav
15,1,0,between-category-game-a/frip/gen-1_JDQRoZX.wav,4,4.0,between-category-game-a,frip,gen-1_JDQRoZX.wav
29,1,0,between-category-game-a/frip/gen-1_bTVyXti.wav,4,4.0,between-category-game-a,frip,gen-1_bTVyXti.wav
311,1,0,between-category-game-a/frip/gen-1_i85Q38W.wav,4,4.0,between-category-game-a,frip,gen-1_i85Q38W.wav
18,2,0,between-category-game-a/frip/gen-2.wav,4,13.0,between-category-game-a,frip,gen-2.wav
372,2,0,between-category-game-a/frip/gen-2_6BIkif9.wav,4,311.0,between-category-game-a,frip,gen-2_6BIkif9.wav
85,2,0,between-category-game-a/frip/gen-2_8GpIyx0.wav,4,29.0,between-category-game-a,frip,gen-2_8GpIyx0.wav
60,2,0,between-category-game-a/frip/gen-2_HUGF4lj.wav,4,15.0,between-category-game-a,frip,gen-2_HUGF4lj.wav
23,2,0,between-category-game-a/frip/gen-2_MxoYRTo.wav,4,15.0,between-category-game-a,frip,gen-2_MxoYRTo.wav
41,2,0,between-category-game-a/frip/gen-2_N9lJnzp.wav,4,15.0,between-category-game-a,frip,gen-2_N9lJnzp.wav
91,2,0,between-category-game-a/frip/gen-2_Su6XtFK.wav,4,15.0,between-category-game-a,frip,gen-2_Su6XtFK.wav
30,2,0,between-category-game-a/frip/gen-2_XR7Tt67.wav,4,15.0,between-category-game-a,frip,gen-2_XR7Tt67.wav
94,2,0,between-category-game-a/frip/gen-2_YmGSFcr.wav,4,13.0,between-category-game-a,frip,gen-2_YmGSFcr.wav
78,2,0,between-category-game-a/frip/gen-2_pqJJhmK.wav,4,15.0,between-category-game-a,frip,gen-2_pqJJhmK.wav
114,2,0,between-category-game-a/frip/gen-2_qLKdrJ8.wav,4,13.0,between-category-game-a,frip,gen-2_qLKdrJ8.wav
456,2,0,between-category-game-a/frip/gen-2_wGTks3W.wav,4,453.0,between-category-game-a,frip,gen-2_wGTks3W.wav
55,2,0,between-category-game-a/frip/gen-2_xFKCrAO.wav,4,29.0,between-category-game-a,frip,gen-2_xFKCrAO.wav
33,3,0,between-category-game-a/frip/gen-3.wav,4,23.0,between-category-game-a,frip,gen-3.wav
42,3,0,between-category-game-a/frip/gen-3_23VixS4.wav,4,18.0,between-category-game-a,frip,gen-3_23VixS4.wav
111,3,0,between-category-game-a/frip/gen-3_3ev2uxt.wav,4,94.0,between-category-game-a,frip,gen-3_3ev2uxt.wav
71,3,0,between-category-game-a/frip/gen-3_4ypIzw1.wav,4,60.0,between-category-game-a,frip,gen-3_4ypIzw1.wav
517,3,1,between-category-game-a/frip/gen-3_5AgNXwQ.wav,4,456.0,between-category-game-a,frip,gen-3_5AgNXwQ.wav
58,3,0,between-category-game-a/frip/gen-3_8Ai7s8R.wav,4,41.0,between-category-game-a,frip,gen-3_8Ai7s8R.wav
475,3,1,between-category-game-a/frip/gen-3_8KFehy7.wav,4,372.0,between-category-game-a,frip,gen-3_8KFehy7.wav
134,3,0,between-category-game-a/frip/gen-3_FO0IUIK.wav,4,18.0,between-category-game-a,frip,gen-3_FO0IUIK.wav
107,3,0,between-category-game-a/frip/gen-3_RO1dT1p.wav,4,55.0,between-category-game-a,frip,gen-3_RO1dT1p.wav
129,3,0,between-category-game-a/frip/gen-3_W3iZuoy.wav,4,91.0,between-category-game-a,frip,gen-3_W3iZuoy.wav
62,3,0,between-category-game-a/frip/gen-3_uRZoN0r.wav,4,18.0,between-category-game-a,frip,gen-3_uRZoN0r.wav
116,3,0,between-category-game-a/frip/gen-3_uoC0r0N.wav,4,78.0,between-category-game-a,frip,gen-3_uoC0r0N.wav
82,3,0,between-category-game-a/frip/gen-3_vOIvuAO.wav,4,41.0,between-category-game-a,frip,gen-3_vOIvuAO.wav
48,4,0,between-category-game-a/frip/gen-4.wav,4,33.0,between-category-game-a,frip,gen-4.wav
123,4,1,between-category-game-a/frip/gen-4_2ii1j4a.wav,4,42.0,between-category-game-a,frip,gen-4_2ii1j4a.wav
299,4,0,between-category-game-a/frip/gen-4_43y3PlY.wav,4,111.0,between-category-game-a,frip,gen-4_43y3PlY.wav
281,4,0,between-category-game-a/frip/gen-4_61fnfr8.wav,4,134.0,between-category-game-a,frip,gen-4_61fnfr8.wav
390,4,0,between-category-game-a/frip/gen-4_Cs7jTnq.wav,4,82.0,between-category-game-a,frip,gen-4_Cs7jTnq.wav
77,4,0,between-category-game-a/frip/gen-4_LN5hvua.wav,4,42.0,between-category-game-a,frip,gen-4_LN5hvua.wav
333,4,0,between-category-game-a/frip/gen-4_PIU6Hs5.wav,4,107.0,between-category-game-a,frip,gen-4_PIU6Hs5.wav
131,4,0,between-category-game-a/frip/gen-4_YNWOQZS.wav,4,111.0,between-category-game-a,frip,gen-4_YNWOQZS.wav
66,4,0,between-category-game-a/frip/gen-4_eHqdBzR.wav,4,62.0,between-category-game-a,frip,gen-4_eHqdBzR.wav
523,4,1,between-category-game-a/frip/gen-4_j6EQsLV.wav,4,116.0,between-category-game-a,frip,gen-4_j6EQsLV.wav
103,4,0,between-category-game-a/frip/gen-4_nNZiRWc.wav,4,82.0,between-category-game-a,frip,gen-4_nNZiRWc.wav
285,5,0,between-category-game-a/frip/gen-5.wav,4,48.0,between-category-game-a,frip,gen-5.wav
307,5,1,between-category-game-a/frip/gen-5_0Zt1FPX.wav,4,299.0,between-category-game-a,frip,gen-5_0Zt1FPX.wav
412,5,0,between-category-game-a/frip/gen-5_4jnOhlb.wav,4,390.0,between-category-game-a,frip,gen-5_4jnOhlb.wav
432,5,1,between-category-game-a/frip/gen-5_7iAqNIS.wav,4,77.0,between-category-game-a,frip,gen-5_7iAqNIS.wav
341,5,1,between-category-game-a/frip/gen-5_A57oMye.wav,4,333.0,between-category-game-a,frip,gen-5_A57oMye.wav
323,5,0,between-category-game-a/frip/gen-5_RiN1UCw.wav,4,131.0,between-category-game-a,frip,gen-5_RiN1UCw.wav
351,5,0,between-category-game-a/frip/gen-5_vSeZwQb.wav,4,103.0,between-category-game-a,frip,gen-5_vSeZwQb.wav
377,5,0,between-category-game-a/frip/gen-5_xqimyMb.wav,4,66.0,between-category-game-a,frip,gen-5_xqimyMb.wav
425,5,0,between-category-game-a/frip/gen-5_yAOjX18.wav,4,281.0,between-category-game-a,frip,gen-5_yAOjX18.wav
342,6,0,between-category-game-a/frip/gen-6.wav,4,285.0,between-category-game-a,frip,gen-6.wav
499,6,1,between-category-game-a/frip/gen-6_5qt5RhP.wav,4,412.0,between-category-game-a,frip,gen-6_5qt5RhP.wav
437,6,0,between-category-game-a/frip/gen-6_DeDyr63.wav,4,425.0,between-category-game-a,frip,gen-6_DeDyr63.wav
495,6,0,between-category-game-a/frip/gen-6_SJ4qHNq.wav,4,377.0,between-category-game-a,frip,gen-6_SJ4qHNq.wav
384,6,0,between-category-game-a/frip/gen-6_n2ntzZG.wav,4,323.0,between-category-game-a,frip,gen-6_n2ntzZG.wav
361,6,0,between-category-game-a/frip/gen-6_x38D732.wav,4,351.0,between-category-game-a,frip,gen-6_x38D732.wav
405,7,0,between-category-game-a/frip/gen-7.wav,4,342.0,between-category-game-a,frip,gen-7.wav
464,7,1,between-category-game-a/frip/gen-7_UdrQMYN.wav,4,437.0,between-category-game-a,frip,gen-7_UdrQMYN.wav
420,7,1,between-category-game-a/frip/gen-7_fpbsHUD.wav,4,384.0,between-category-game-a,frip,gen-7_fpbsHUD.wav
527,7,1,between-category-game-a/frip/gen-7_hEzu2RC.wav,4,495.0,between-category-game-a,frip,gen-7_hEzu2RC.wav
504,7,1,between-category-game-a/frip/gen-7_ulih8HO.wav,4,361.0,between-category-game-a,frip,gen-7_ulih8HO.wav
482,8,1,between-category-game-a/frip/gen-8.wav,4,405.0,between-category-game-a,frip,gen-8.wav
4,0,0,between-category-game-a/frip/seed.wav,4,,between-category-game-a,frip,seed.wav
9,1,0,between-category-game-a/heeh/gen-1.wav,1,1.0,between-category-game-a,heeh,gen-1.wav
10,1,0,between-category-game-a/heeh/gen-1_FaJz3er.wav,1,1.0,between-category-game-a,heeh,gen-1_FaJz3er.wav
297,1,0,between-category-game-a/heeh/gen-1_SQbVRYW.wav,1,1.0,between-category-game-a,heeh,gen-1_SQbVRYW.wav
21,1,0,between-category-game-a/heeh/gen-1_gJ6Yocu.wav,1,1.0,between-category-game-a,heeh,gen-1_gJ6Yocu.wav
24,2,0,between-category-game-a/heeh/gen-2.wav,1,21.0,between-category-game-a,heeh,gen-2.wav
26,2,0,between-category-game-a/heeh/gen-2_IF1Lm9g.wav,1,10.0,between-category-game-a,heeh,gen-2_IF1Lm9g.wav
428,2,0,between-category-game-a/heeh/gen-2_MHh0DSs.wav,1,297.0,between-category-game-a,heeh,gen-2_MHh0DSs.wav
53,2,0,between-category-game-a/heeh/gen-2_fmCtt9i.wav,1,9.0,between-category-game-a,heeh,gen-2_fmCtt9i.wav
37,2,0,between-category-game-a/heeh/gen-2_i4mNWbb.wav,1,10.0,between-category-game-a,heeh,gen-2_i4mNWbb.wav
39,2,0,between-category-game-a/heeh/gen-2_rzbljWw.wav,1,21.0,between-category-game-a,heeh,gen-2_rzbljWw.wav
35,2,0,between-category-game-a/heeh/gen-2_y4GsqGN.wav,1,10.0,between-category-game-a,heeh,gen-2_y4GsqGN.wav
32,3,0,between-category-game-a/heeh/gen-3.wav,1,24.0,between-category-game-a,heeh,gen-3.wav
51,3,0,between-category-game-a/heeh/gen-3_E7w6oF8.wav,1,35.0,between-category-game-a,heeh,gen-3_E7w6oF8.wav
63,3,0,between-category-game-a/heeh/gen-3_FAV8Jmo.wav,1,39.0,between-category-game-a,heeh,gen-3_FAV8Jmo.wav
452,3,1,between-category-game-a/heeh/gen-3_f3wnABz.wav,1,428.0,between-category-game-a,heeh,gen-3_f3wnABz.wav
57,3,0,between-category-game-a/heeh/gen-3_pGZTbM2.wav,1,24.0,between-category-game-a,heeh,gen-3_pGZTbM2.wav
135,3,0,between-category-game-a/heeh/gen-3_qettZZw.wav,1,26.0,between-category-game-a,heeh,gen-3_qettZZw.wav
115,3,0,between-category-game-a/heeh/gen-3_vBU7BHz.wav,1,24.0,between-category-game-a,heeh,gen-3_vBU7BHz.wav
47,3,0,between-category-game-a/heeh/gen-3_wJUtjep.wav,1,26.0,between-category-game-a,heeh,gen-3_wJUtjep.wav
124,3,0,between-category-game-a/heeh/gen-3_zjzAWPv.wav,1,37.0,between-category-game-a,heeh,gen-3_zjzAWPv.wav
67,4,0,between-category-game-a/heeh/gen-4.wav,1,32.0,between-category-game-a,heeh,gen-4.wav
133,4,0,between-category-game-a/heeh/gen-4_3Kjkvfx.wav,1,124.0,between-category-game-a,heeh,gen-4_3Kjkvfx.wav
128,4,0,between-category-game-a/heeh/gen-4_5n6kgPk.wav,1,115.0,between-category-game-a,heeh,gen-4_5n6kgPk.wav
83,4,0,between-category-game-a/heeh/gen-4_8xV8dSN.wav,1,51.0,between-category-game-a,heeh,gen-4_8xV8dSN.wav
104,4,0,between-category-game-a/heeh/gen-4_CNbazb7.wav,1,63.0,between-category-game-a,heeh,gen-4_CNbazb7.wav
80,4,0,between-category-game-a/heeh/gen-4_VDgqNuO.wav,1,47.0,between-category-game-a,heeh,gen-4_VDgqNuO.wav
98,4,0,between-category-game-a/heeh/gen-4_XsVGFJJ.wav,1,47.0,between-category-game-a,heeh,gen-4_XsVGFJJ.wav
97,4,0,between-category-game-a/heeh/gen-4_YnUZvt1.wav,1,32.0,between-category-game-a,heeh,gen-4_YnUZvt1.wav
74,4,0,between-category-game-a/heeh/gen-4_ZMJmoYJ.wav,1,47.0,between-category-game-a,heeh,gen-4_ZMJmoYJ.wav
117,4,0,between-category-game-a/heeh/gen-4_icuXvV8.wav,1,57.0,between-category-game-a,heeh,gen-4_icuXvV8.wav
73,4,0,between-category-game-a/heeh/gen-4_wEXVrnJ.wav,1,51.0,between-category-game-a,heeh,gen-4_wEXVrnJ.wav
86,5,0,between-category-game-a/heeh/gen-5.wav,1,74.0,between-category-game-a,heeh,gen-5.wav
434,5,1,between-category-game-a/heeh/gen-5_05IN4mW.wav,1,73.0,between-category-game-a,heeh,gen-5_05IN4mW.wav
382,5,0,between-category-game-a/heeh/gen-5_Ay0jYSS.wav,1,67.0,between-category-game-a,heeh,gen-5_Ay0jYSS.wav
309,5,0,between-category-game-a/heeh/gen-5_J7yyTnq.wav,1,133.0,between-category-game-a,heeh,gen-5_J7yyTnq.wav
280,5,0,between-category-game-a/heeh/gen-5_JIsojTd.wav,1,80.0,between-category-game-a,heeh,gen-5_JIsojTd.wav
345,5,0,between-category-game-a/heeh/gen-5_JXAOWTC.wav,1,74.0,between-category-game-a,heeh,gen-5_JXAOWTC.wav
353,5,0,between-category-game-a/heeh/gen-5_M3KYLLK.wav,1,97.0,between-category-game-a,heeh,gen-5_M3KYLLK.wav
360,5,1,between-category-game-a/heeh/gen-5_OUVPfGW.wav,1,117.0,between-category-game-a,heeh,gen-5_OUVPfGW.wav
406,5,0,between-category-game-a/heeh/gen-5_XQvn4lB.wav,1,83.0,between-category-game-a,heeh,gen-5_XQvn4lB.wav
343,5,0,between-category-game-a/heeh/gen-5_jkMyQGj.wav,1,98.0,between-category-game-a,heeh,gen-5_jkMyQGj.wav
92,5,0,between-category-game-a/heeh/gen-5_qilfmtV.wav,1,73.0,between-category-game-a,heeh,gen-5_qilfmtV.wav
331,5,1,between-category-game-a/heeh/gen-5_qydCIWu.wav,1,128.0,between-category-game-a,heeh,gen-5_qydCIWu.wav
108,5,0,between-category-game-a/heeh/gen-5_rYKctKm.wav,1,104.0,between-category-game-a,heeh,gen-5_rYKctKm.wav
284,5,0,between-category-game-a/heeh/gen-5_sI0vqbF.wav,1,104.0,between-category-game-a,heeh,gen-5_sI0vqbF.wav
313,6,0,between-category-game-a/heeh/gen-6.wav,1,309.0,between-category-game-a,heeh,gen-6.wav
387,6,1,between-category-game-a/heeh/gen-6_5MFDODm.wav,1,343.0,between-category-game-a,heeh,gen-6_5MFDODm.wav
528,6,1,between-category-game-a/heeh/gen-6_DT1hRO5.wav,1,92.0,between-category-game-a,heeh,gen-6_DT1hRO5.wav
470,6,1,between-category-game-a/heeh/gen-6_KTiChcj.wav,1,345.0,between-category-game-a,heeh,gen-6_KTiChcj.wav
373,6,0,between-category-game-a/heeh/gen-6_Lj4Lv9c.wav,1,284.0,between-category-game-a,heeh,gen-6_Lj4Lv9c.wav
386,6,0,between-category-game-a/heeh/gen-6_Mtwn1Xy.wav,1,353.0,between-category-game-a,heeh,gen-6_Mtwn1Xy.wav
326,6,0,between-category-game-a/heeh/gen-6_TVssEqK.wav,1,86.0,between-category-game-a,heeh,gen-6_TVssEqK.wav
497,6,1,between-category-game-a/heeh/gen-6_Xzf7uEN.wav,1,108.0,between-category-game-a,heeh,gen-6_Xzf7uEN.wav
414,6,1,between-category-game-a/heeh/gen-6_jWSZv92.wav,1,406.0,between-category-game-a,heeh,gen-6_jWSZv92.wav
463,6,0,between-category-game-a/heeh/gen-6_wxoWknA.wav,1,382.0,between-category-game-a,heeh,gen-6_wxoWknA.wav
526,6,1,between-category-game-a/heeh/gen-6_xpEiCuI.wav,1,280.0,between-category-game-a,heeh,gen-6_xpEiCuI.wav
417,7,0,between-category-game-a/heeh/gen-7.wav,1,326.0,between-category-game-a,heeh,gen-7.wav
515,7,1,between-category-game-a/heeh/gen-7_36TyKeW.wav,1,313.0,between-category-game-a,heeh,gen-7_36TyKeW.wav
500,7,1,between-category-game-a/heeh/gen-7_NCt3I4g.wav,1,386.0,between-category-game-a,heeh,gen-7_NCt3I4g.wav
481,7,1,between-category-game-a/heeh/gen-7_U5HIQiF.wav,1,463.0,between-category-game-a,heeh,gen-7_U5HIQiF.wav
429,7,0,between-category-game-a/heeh/gen-7_astQWPt.wav,1,373.0,between-category-game-a,heeh,gen-7_astQWPt.wav
457,8,0,between-category-game-a/heeh/gen-8.wav,1,429.0,between-category-game-a,heeh,gen-8.wav
503,8,1,between-category-game-a/heeh/gen-8_tDwl1Dk.wav,1,417.0,between-category-game-a,heeh,gen-8_tDwl1Dk.wav
478,9,1,between-category-game-a/heeh/gen-9.wav,1,457.0,between-category-game-a,heeh,gen-9.wav
1,0,0,between-category-game-a/heeh/seed.wav,1,,between-category-game-a,heeh,seed.wav
12,1,0,between-category-game-a/riri/gen-1.wav,2,2.0,between-category-game-a,riri,gen-1.wav
476,10,1,between-category-game-a/riri/gen-10.wav,2,451.0,between-category-game-a,riri,gen-10.wav
465,1,1,between-category-game-a/riri/gen-1_UM6mnUu.wav,2,2.0,between-category-game-a,riri,gen-1_UM6mnUu.wav
75,1,0,between-category-game-a/riri/gen-1_WlUl6MF.wav,2,2.0,between-category-game-a,riri,gen-1_WlUl6MF.wav
59,1,0,between-category-game-a/riri/gen-1_vDfIDG2.wav,2,2.0,between-category-game-a,riri,gen-1_vDfIDG2.wav
16,2,0,between-category-game-a/riri/gen-2.wav,2,12.0,between-category-game-a,riri,gen-2.wav
46,2,0,between-category-game-a/riri/gen-2_3GyY0VL.wav,2,12.0,between-category-game-a,riri,gen-2_3GyY0VL.wav
22,2,0,between-category-game-a/riri/gen-2_5SHkxuV.wav,2,12.0,between-category-game-a,riri,gen-2_5SHkxuV.wav
93,2,0,between-category-game-a/riri/gen-2_753CmhZ.wav,2,12.0,between-category-game-a,riri,gen-2_753CmhZ.wav
118,2,0,between-category-game-a/riri/gen-2_wZ7H42T.wav,2,12.0,between-category-game-a,riri,gen-2_wZ7H42T.wav
17,3,0,between-category-game-a/riri/gen-3.wav,2,16.0,between-category-game-a,riri,gen-3.wav
34,3,0,between-category-game-a/riri/gen-3_BjSiawE.wav,2,22.0,between-category-game-a,riri,gen-3_BjSiawE.wav
95,3,0,between-category-game-a/riri/gen-3_ZIUgPJY.wav,2,22.0,between-category-game-a,riri,gen-3_ZIUgPJY.wav
81,3,0,between-category-game-a/riri/gen-3_ZYT0o5u.wav,2,16.0,between-category-game-a,riri,gen-3_ZYT0o5u.wav
54,3,0,between-category-game-a/riri/gen-3_cKq6POO.wav,2,46.0,between-category-game-a,riri,gen-3_cKq6POO.wav
50,3,0,between-category-game-a/riri/gen-3_mVF4pAZ.wav,2,22.0,between-category-game-a,riri,gen-3_mVF4pAZ.wav
31,3,0,between-category-game-a/riri/gen-3_z2peihs.wav,2,16.0,between-category-game-a,riri,gen-3_z2peihs.wav
27,4,0,between-category-game-a/riri/gen-4.wav,2,17.0,between-category-game-a,riri,gen-4.wav
110,4,0,between-category-game-a/riri/gen-4_BI1wxum.wav,2,31.0,between-category-game-a,riri,gen-4_BI1wxum.wav
68,4,0,between-category-game-a/riri/gen-4_M0g5Y8O.wav,2,54.0,between-category-game-a,riri,gen-4_M0g5Y8O.wav
121,4,0,between-category-game-a/riri/gen-4_MQytpIG.wav,2,34.0,between-category-game-a,riri,gen-4_MQytpIG.wav
64,4,0,between-category-game-a/riri/gen-4_NHiOoqJ.wav,2,54.0,between-category-game-a,riri,gen-4_NHiOoqJ.wav
38,4,0,between-category-game-a/riri/gen-4_NV1riT1.wav,2,17.0,between-category-game-a,riri,gen-4_NV1riT1.wav
120,4,0,between-category-game-a/riri/gen-4_VOaW3d2.wav,2,81.0,between-category-game-a,riri,gen-4_VOaW3d2.wav
105,4,0,between-category-game-a/riri/gen-4_fF3tLsv.wav,2,31.0,between-category-game-a,riri,gen-4_fF3tLsv.wav
87,4,0,between-category-game-a/riri/gen-4_kiuvLel.wav,2,54.0,between-category-game-a,riri,gen-4_kiuvLel.wav
70,4,1,between-category-game-a/riri/gen-4_yziPxCA.wav,2,50.0,between-category-game-a,riri,gen-4_yziPxCA.wav
43,5,0,between-category-game-a/riri/gen-5.wav,2,27.0,between-category-game-a,riri,gen-5.wav
404,5,0,between-category-game-a/riri/gen-5_0ba5DEY.wav,2,105.0,between-category-game-a,riri,gen-5_0ba5DEY.wav
286,5,1,between-category-game-a/riri/gen-5_4YULtZA.wav,2,121.0,between-category-game-a,riri,gen-5_4YULtZA.wav
282,5,0,between-category-game-a/riri/gen-5_9ILD8Oy.wav,2,87.0,between-category-game-a,riri,gen-5_9ILD8Oy.wav
125,5,0,between-category-game-a/riri/gen-5_EQiu99p.wav,2,38.0,between-category-game-a,riri,gen-5_EQiu99p.wav
328,5,0,between-category-game-a/riri/gen-5_G9qSzjq.wav,2,110.0,between-category-game-a,riri,gen-5_G9qSzjq.wav
113,5,0,between-category-game-a/riri/gen-5_HZSWAjw.wav,2,27.0,between-category-game-a,riri,gen-5_HZSWAjw.wav
455,5,0,between-category-game-a/riri/gen-5_Lc1QOiW.wav,2,38.0,between-category-game-a,riri,gen-5_Lc1QOiW.wav
498,5,0,between-category-game-a/riri/gen-5_QPx2vVO.wav,2,68.0,between-category-game-a,riri,gen-5_QPx2vVO.wav
130,5,0,between-category-game-a/riri/gen-5_RaxT05N.wav,2,38.0,between-category-game-a,riri,gen-5_RaxT05N.wav
137,5,0,between-category-game-a/riri/gen-5_XpaK0G4.wav,2,64.0,between-category-game-a,riri,gen-5_XpaK0G4.wav
84,5,1,between-category-game-a/riri/gen-5_fwcWzfA.wav,2,68.0,between-category-game-a,riri,gen-5_fwcWzfA.wav
126,5,1,between-category-game-a/riri/gen-5_iEm3fEw.wav,2,120.0,between-category-game-a,riri,gen-5_iEm3fEw.wav
340,5,0,between-category-game-a/riri/gen-5_uUAR56G.wav,2,27.0,between-category-game-a,riri,gen-5_uUAR56G.wav
316,5,0,between-category-game-a/riri/gen-5_vOTMxoN.wav,2,64.0,between-category-game-a,riri,gen-5_vOTMxoN.wav
101,6,0,between-category-game-a/riri/gen-6.wav,2,43.0,between-category-game-a,riri,gen-6.wav
300,6,0,between-category-game-a/riri/gen-6_4m0Mtcu.wav,2,113.0,between-category-game-a,riri,gen-6_4m0Mtcu.wav
363,6,0,between-category-game-a/riri/gen-6_LzYFwHB.wav,2,43.0,between-category-game-a,riri,gen-6_LzYFwHB.wav
502,6,0,between-category-game-a/riri/gen-6_SRXtMYo.wav,2,340.0,between-category-game-a,riri,gen-6_SRXtMYo.wav
518,6,1,between-category-game-a/riri/gen-6_V2FgPwj.wav,2,455.0,between-category-game-a,riri,gen-6_V2FgPwj.wav
524,6,1,between-category-game-a/riri/gen-6_dmedWJJ.wav,2,498.0,between-category-game-a,riri,gen-6_dmedWJJ.wav
371,6,0,between-category-game-a/riri/gen-6_e7lpFQY.wav,2,125.0,between-category-game-a,riri,gen-6_e7lpFQY.wav
330,6,0,between-category-game-a/riri/gen-6_e8LR3sl.wav,2,316.0,between-category-game-a,riri,gen-6_e8LR3sl.wav
480,6,1,between-category-game-a/riri/gen-6_krH5RC9.wav,2,137.0,between-category-game-a,riri,gen-6_krH5RC9.wav
419,6,1,between-category-game-a/riri/gen-6_mxO8chC.wav,2,328.0,between-category-game-a,riri,gen-6_mxO8chC.wav
389,6,0,between-category-game-a/riri/gen-6_oXcugLW.wav,2,282.0,between-category-game-a,riri,gen-6_oXcugLW.wav
436,6,1,between-category-game-a/riri/gen-6_ot5M3U1.wav,2,404.0,between-category-game-a,riri,gen-6_ot5M3U1.wav
426,6,1,between-category-game-a/riri/gen-6_xVyOQyr.wav,2,130.0,between-category-game-a,riri,gen-6_xVyOQyr.wav
308,7,0,between-category-game-a/riri/gen-7.wav,2,101.0,between-category-game-a,riri,gen-7.wav
505,7,1,between-category-game-a/riri/gen-7_2XAhenh.wav,2,371.0,between-category-game-a,riri,gen-7_2XAhenh.wav
529,7,1,between-category-game-a/riri/gen-7_7UXF4iS.wav,2,502.0,between-category-game-a,riri,gen-7_7UXF4iS.wav
385,7,0,between-category-game-a/riri/gen-7_RSjFh6y.wav,2,330.0,between-category-game-a,riri,gen-7_RSjFh6y.wav
379,7,1,between-category-game-a/riri/gen-7_VzuzEG1.wav,2,363.0,between-category-game-a,riri,gen-7_VzuzEG1.wav
427,7,1,between-category-game-a/riri/gen-7_dc5tiQo.wav,2,389.0,between-category-game-a,riri,gen-7_dc5tiQo.wav
334,7,1,between-category-game-a/riri/gen-7_mHhPK75.wav,2,300.0,between-category-game-a,riri,gen-7_mHhPK75.wav
350,8,0,between-category-game-a/riri/gen-8.wav,2,308.0,between-category-game-a,riri,gen-8.wav
413,8,1,between-category-game-a/riri/gen-8_xZcSemF.wav,2,385.0,between-category-game-a,riri,gen-8_xZcSemF.wav
451,9,0,between-category-game-a/riri/gen-9.wav,2,350.0,between-category-game-a,riri,gen-9.wav
2,0,0,between-category-game-a/riri/seed.wav,2,,between-category-game-a,riri,seed.wav
11,1,0,between-category-game-a/splish/gen-1.wav,3,3.0,between-category-game-a,splish,gen-1.wav
418,10,0,between-category-game-a/splish/gen-10.wav,3,403.0,between-category-game-a,splish,gen-10.wav
525,10,1,between-category-game-a/splish/gen-10_2SSsbTg.wav,3,516.0,between-category-game-a,splish,gen-10_2SSsbTg.wav
454,11,0,between-category-game-a/splish/gen-11.wav,3,418.0,between-category-game-a,splish,gen-11.wav
501,12,1,between-category-game-a/splish/gen-12.wav,3,454.0,between-category-game-a,splish,gen-12.wav
25,1,0,between-category-game-a/splish/gen-1_EFXXXbO.wav,3,3.0,between-category-game-a,splish,gen-1_EFXXXbO.wav
36,1,0,between-category-game-a/splish/gen-1_QAumeur.wav,3,3.0,between-category-game-a,splish,gen-1_QAumeur.wav
45,1,0,between-category-game-a/splish/gen-1_aL6VC5v.wav,3,3.0,between-category-game-a,splish,gen-1_aL6VC5v.wav
20,1,0,between-category-game-a/splish/gen-1_h5Xg0cS.wav,3,3.0,between-category-game-a,splish,gen-1_h5Xg0cS.wav
52,1,0,between-category-game-a/splish/gen-1_hlBB4vd.wav,3,3.0,between-category-game-a,splish,gen-1_hlBB4vd.wav
14,1,0,between-category-game-a/splish/gen-1_n6u5au0.wav,3,3.0,between-category-game-a,splish,gen-1_n6u5au0.wav
88,1,0,between-category-game-a/splish/gen-1_qLeKBfD.wav,3,3.0,between-category-game-a,splish,gen-1_qLeKBfD.wav
19,2,0,between-category-game-a/splish/gen-2.wav,3,14.0,between-category-game-a,splish,gen-2.wav
61,2,0,between-category-game-a/splish/gen-2_1vtUGlN.wav,3,52.0,between-category-game-a,splish,gen-2_1vtUGlN.wav
127,2,0,between-category-game-a/splish/gen-2_F5iyNtV.wav,3,45.0,between-category-game-a,splish,gen-2_F5iyNtV.wav
28,2,0,between-category-game-a/splish/gen-2_KohLXp8.wav,3,20.0,between-category-game-a,splish,gen-2_KohLXp8.wav
79,2,0,between-category-game-a/splish/gen-2_PhFTvbq.wav,3,11.0,between-category-game-a,splish,gen-2_PhFTvbq.wav
49,2,0,between-category-game-a/splish/gen-2_XfuVBNY.wav,3,20.0,between-category-game-a,splish,gen-2_XfuVBNY.wav
109,2,0,between-category-game-a/splish/gen-2_Yn48UQz.wav,3,36.0,between-category-game-a,splish,gen-2_Yn48UQz.wav
122,2,0,between-category-game-a/splish/gen-2_aWQbtKN.wav,3,11.0,between-category-game-a,splish,gen-2_aWQbtKN.wav
40,2,0,between-category-game-a/splish/gen-2_jxUKTad.wav,3,25.0,between-category-game-a,splish,gen-2_jxUKTad.wav
76,2,0,between-category-game-a/splish/gen-2_nfi3WG0.wav,3,25.0,between-category-game-a,splish,gen-2_nfi3WG0.wav
99,2,0,between-category-game-a/splish/gen-2_wkbnoYh.wav,3,88.0,between-category-game-a,splish,gen-2_wkbnoYh.wav
44,3,0,between-category-game-a/splish/gen-3.wav,3,40.0,between-category-game-a,splish,gen-3.wav
136,3,0,between-category-game-a/splish/gen-3_45pqQq7.wav,3,79.0,between-category-game-a,splish,gen-3_45pqQq7.wav
69,3,0,between-category-game-a/splish/gen-3_RNzOx6u.wav,3,40.0,between-category-game-a,splish,gen-3_RNzOx6u.wav
96,3,0,between-category-game-a/splish/gen-3_cUrNfad.wav,3,40.0,between-category-game-a,splish,gen-3_cUrNfad.wav
119,3,0,between-category-game-a/splish/gen-3_oOMUF9Z.wav,3,79.0,between-category-game-a,splish,gen-3_oOMUF9Z.wav
56,4,0,between-category-game-a/splish/gen-4.wav,3,44.0,between-category-game-a,splish,gen-4.wav
306,4,0,between-category-game-a/splish/gen-4_4BS5Prh.wav,3,119.0,between-category-game-a,splish,gen-4_4BS5Prh.wav
305,4,0,between-category-game-a/splish/gen-4_51sO71A.wav,3,136.0,between-category-game-a,splish,gen-4_51sO71A.wav
352,4,0,between-category-game-a/splish/gen-4_823dvJi.wav,3,44.0,between-category-game-a,splish,gen-4_823dvJi.wav
287,4,1,between-category-game-a/splish/gen-4_HDksgaJ.wav,3,96.0,between-category-game-a,splish,gen-4_HDksgaJ.wav
477,4,1,between-category-game-a/splish/gen-4_Sd2dLLR.wav,3,69.0,between-category-game-a,splish,gen-4_Sd2dLLR.wav
65,5,0,between-category-game-a/splish/gen-5.wav,3,56.0,between-category-game-a,splish,gen-5.wav
339,5,0,between-category-game-a/splish/gen-5_HljKs0Z.wav,3,306.0,between-category-game-a,splish,gen-5_HljKs0Z.wav
359,5,1,between-category-game-a/splish/gen-5_JvyFT8z.wav,3,352.0,between-category-game-a,splish,gen-5_JvyFT8z.wav
89,5,0,between-category-game-a/splish/gen-5_OxWvTI8.wav,3,56.0,between-category-game-a,splish,gen-5_OxWvTI8.wav
365,5,0,between-category-game-a/splish/gen-5_W0QMX39.wav,3,56.0,between-category-game-a,splish,gen-5_W0QMX39.wav
317,5,0,between-category-game-a/splish/gen-5_vf6DEzU.wav,3,305.0,between-category-game-a,splish,gen-5_vf6DEzU.wav
72,6,1,between-category-game-a/splish/gen-6.wav,3,65.0,between-category-game-a,splish,gen-6.wav
374,6,0,between-category-game-a/splish/gen-6_4jgGZON.wav,3,339.0,between-category-game-a,splish,gen-6_4jgGZON.wav
112,6,0,between-category-game-a/splish/gen-6_BsuFi4g.wav,3,89.0,between-category-game-a,splish,gen-6_BsuFi4g.wav
106,6,0,between-category-game-a/splish/gen-6_GtzLuFG.wav,3,65.0,between-category-game-a,splish,gen-6_GtzLuFG.wav
132,6,0,between-category-game-a/splish/gen-6_LIl50nU.wav,3,89.0,between-category-game-a,splish,gen-6_LIl50nU.wav
430,6,0,between-category-game-a/splish/gen-6_iThxWqU.wav,3,365.0,between-category-game-a,splish,gen-6_iThxWqU.wav
388,6,0,between-category-game-a/splish/gen-6_r53nJHx.wav,3,65.0,between-category-game-a,splish,gen-6_r53nJHx.wav
283,6,0,between-category-game-a/splish/gen-6_zTzEd4T.wav,3,89.0,between-category-game-a,splish,gen-6_zTzEd4T.wav
344,6,0,between-category-game-a/splish/gen-6_ziqfjmW.wav,3,317.0,between-category-game-a,splish,gen-6_ziqfjmW.wav
90,7,0,between-category-game-a/splish/gen-7.wav,3,72.0,between-category-game-a,splish,gen-7.wav
332,7,0,between-category-game-a/splish/gen-7_2mDJq8A.wav,3,106.0,between-category-game-a,splish,gen-7_2mDJq8A.wav
450,7,0,between-category-game-a/splish/gen-7_E51874A.wav,3,344.0,between-category-game-a,splish,gen-7_E51874A.wav
431,7,0,between-category-game-a/splish/gen-7_WDesXAZ.wav,3,388.0,between-category-game-a,splish,gen-7_WDesXAZ.wav
462,7,0,between-category-game-a/splish/gen-7_ZIckwjp.wav,3,430.0,between-category-game-a,splish,gen-7_ZIckwjp.wav
383,7,1,between-category-game-a/splish/gen-7_gH780qd.wav,3,132.0,between-category-game-a,splish,gen-7_gH780qd.wav
530,7,1,between-category-game-a/splish/gen-7_l5dxca2.wav,3,374.0,between-category-game-a,splish,gen-7_l5dxca2.wav
479,7,1,between-category-game-a/splish/gen-7_nILsezI.wav,3,112.0,between-category-game-a,splish,gen-7_nILsezI.wav
325,7,0,between-category-game-a/splish/gen-7_xDfoZfG.wav,3,283.0,between-category-game-a,splish,gen-7_xDfoZfG.wav
375,8,0,between-category-game-a/splish/gen-8.wav,3,325.0,between-category-game-a,splish,gen-8.wav
496,8,1,between-category-game-a/splish/gen-8_9GjZXe1.wav,3,450.0,between-category-game-a,splish,gen-8_9GjZXe1.wav
411,8,1,between-category-game-a/splish/gen-8_PYv04Y0.wav,3,332.0,between-category-game-a,splish,gen-8_PYv04Y0.wav
506,8,1,between-category-game-a/splish/gen-8_RYWrBR0.wav,3,462.0,between-category-game-a,splish,gen-8_RYWrBR0.wav
435,8,0,between-category-game-a/splish/gen-8_a7SbWm7.wav,3,431.0,between-category-game-a,splish,gen-8_a7SbWm7.wav
403,9,0,between-category-game-a/splish/gen-9.wav,3,375.0,between-category-game-a,splish,gen-9.wav
516,9,0,between-category-game-a/splish/gen-9_kDwPZ6M.wav,3,435.0,between-category-game-a,splish,gen-9_kDwPZ6M.wav
3,0,0,between-category-game-a/splish/seed.wav,3,,between-category-game-a,splish,seed.wav
146,1,0,within-category-game-a/spliff/gen-1.wav,8,139.0,within-category-game-a,spliff,gen-1.wav
222,1,0,within-category-game-a/spliff/gen-1_27374zy.wav,8,139.0,within-category-game-a,spliff,gen-1_27374zy.wav
279,1,0,within-category-game-a/spliff/gen-1_AXKXNQi.wav,8,139.0,within-category-game-a,spliff,gen-1_AXKXNQi.wav
148,1,0,within-category-game-a/spliff/gen-1_B84f77H.wav,8,139.0,within-category-game-a,spliff,gen-1_B84f77H.wav
471,1,0,within-category-game-a/spliff/gen-1_Wi13Dqs.wav,8,139.0,within-category-game-a,spliff,gen-1_Wi13Dqs.wav
362,1,0,within-category-game-a/spliff/gen-1_yczEoqU.wav,8,139.0,within-category-game-a,spliff,gen-1_yczEoqU.wav
152,2,0,within-category-game-a/spliff/gen-2.wav,8,146.0,within-category-game-a,spliff,gen-2.wav
164,2,0,within-category-game-a/spliff/gen-2_7YahVgq.wav,8,146.0,within-category-game-a,spliff,gen-2_7YahVgq.wav
178,2,0,within-category-game-a/spliff/gen-2_GFjeQis.wav,8,148.0,within-category-game-a,spliff,gen-2_GFjeQis.wav
415,2,0,within-category-game-a/spliff/gen-2_MFgkdDi.wav,8,362.0,within-category-game-a,spliff,gen-2_MFgkdDi.wav
393,2,0,within-category-game-a/spliff/gen-2_RNXuYep.wav,8,279.0,within-category-game-a,spliff,gen-2_RNXuYep.wav
296,2,0,within-category-game-a/spliff/gen-2_UBNxcaX.wav,8,222.0,within-category-game-a,spliff,gen-2_UBNxcaX.wav
196,2,0,within-category-game-a/spliff/gen-2_W91zmyO.wav,8,148.0,within-category-game-a,spliff,gen-2_W91zmyO.wav
490,2,1,within-category-game-a/spliff/gen-2_dqokyuL.wav,8,471.0,within-category-game-a,spliff,gen-2_dqokyuL.wav
381,2,0,within-category-game-a/spliff/gen-2_fp6vboy.wav,8,146.0,within-category-game-a,spliff,gen-2_fp6vboy.wav
159,2,0,within-category-game-a/spliff/gen-2_g4juHHu.wav,8,146.0,within-category-game-a,spliff,gen-2_g4juHHu.wav
160,2,0,within-category-game-a/spliff/gen-2_nRB555L.wav,8,148.0,within-category-game-a,spliff,gen-2_nRB555L.wav
228,2,0,within-category-game-a/spliff/gen-2_st2fgOO.wav,8,146.0,within-category-game-a,spliff,gen-2_st2fgOO.wav
166,3,0,within-category-game-a/spliff/gen-3.wav,8,159.0,within-category-game-a,spliff,gen-3.wav
467,3,1,within-category-game-a/spliff/gen-3_1HiV8lU.wav,8,152.0,within-category-game-a,spliff,gen-3_1HiV8lU.wav
327,3,0,within-category-game-a/spliff/gen-3_8V10fxK.wav,8,164.0,within-category-game-a,spliff,gen-3_8V10fxK.wav
177,3,0,within-category-game-a/spliff/gen-3_DHjQJWo.wav,8,152.0,within-category-game-a,spliff,gen-3_DHjQJWo.wav
203,3,0,within-category-game-a/spliff/gen-3_EpkEWun.wav,8,159.0,within-category-game-a,spliff,gen-3_EpkEWun.wav
218,3,0,within-category-game-a/spliff/gen-3_LiTE39F.wav,8,159.0,within-category-game-a,spliff,gen-3_LiTE39F.wav
321,3,0,within-category-game-a/spliff/gen-3_O1RUhjy.wav,8,296.0,within-category-game-a,spliff,gen-3_O1RUhjy.wav
210,3,0,within-category-game-a/spliff/gen-3_OKeYb7O.wav,8,164.0,within-category-game-a,spliff,gen-3_OKeYb7O.wav
401,3,0,within-category-game-a/spliff/gen-3_OSTjn6N.wav,8,381.0,within-category-game-a,spliff,gen-3_OSTjn6N.wav
400,3,0,within-category-game-a/spliff/gen-3_Z1wTXSP.wav,8,393.0,within-category-game-a,spliff,gen-3_Z1wTXSP.wav
302,3,0,within-category-game-a/spliff/gen-3_jCTBKzY.wav,8,228.0,within-category-game-a,spliff,gen-3_jCTBKzY.wav
266,3,0,within-category-game-a/spliff/gen-3_mnOOtj1.wav,8,178.0,within-category-game-a,spliff,gen-3_mnOOtj1.wav
433,3,0,within-category-game-a/spliff/gen-3_nheL1rF.wav,8,415.0,within-category-game-a,spliff,gen-3_nheL1rF.wav
233,3,0,within-category-game-a/spliff/gen-3_tqln1wY.wav,8,196.0,within-category-game-a,spliff,gen-3_tqln1wY.wav
170,4,0,within-category-game-a/spliff/gen-4.wav,8,166.0,within-category-game-a,spliff,gen-4.wav
200,4,0,within-category-game-a/spliff/gen-4_JGWCXoy.wav,8,166.0,within-category-game-a,spliff,gen-4_JGWCXoy.wav
458,4,1,within-category-game-a/spliff/gen-4_NvrDPUw.wav,8,401.0,within-category-game-a,spliff,gen-4_NvrDPUw.wav
510,4,1,within-category-game-a/spliff/gen-4_OsYTgix.wav,8,433.0,within-category-game-a,spliff,gen-4_OsYTgix.wav
366,4,0,within-category-game-a/spliff/gen-4_RtlmzuM.wav,8,302.0,within-category-game-a,spliff,gen-4_RtlmzuM.wav
335,4,0,within-category-game-a/spliff/gen-4_ZVEZ1Qx.wav,8,321.0,within-category-game-a,spliff,gen-4_ZVEZ1Qx.wav
295,4,0,within-category-game-a/spliff/gen-4_jcAGK2U.wav,8,210.0,within-category-game-a,spliff,gen-4_jcAGK2U.wav
293,4,1,within-category-game-a/spliff/gen-4_mBRGui1.wav,8,210.0,within-category-game-a,spliff,gen-4_mBRGui1.wav
446,4,1,within-category-game-a/spliff/gen-4_n5IxfbV.wav,8,400.0,within-category-game-a,spliff,gen-4_n5IxfbV.wav
357,4,1,within-category-game-a/spliff/gen-4_tgKmuEi.wav,8,327.0,within-category-game-a,spliff,gen-4_tgKmuEi.wav
240,4,0,within-category-game-a/spliff/gen-4_yzpqBzF.wav,8,166.0,within-category-game-a,spliff,gen-4_yzpqBzF.wav
183,5,0,within-category-game-a/spliff/gen-5.wav,8,170.0,within-category-game-a,spliff,gen-5.wav
212,5,0,within-category-game-a/spliff/gen-5_9enLhw1.wav,8,200.0,within-category-game-a,spliff,gen-5_9enLhw1.wav
186,5,0,within-category-game-a/spliff/gen-5_Ie6Y6ty.wav,8,170.0,within-category-game-a,spliff,gen-5_Ie6Y6ty.wav
273,5,0,within-category-game-a/spliff/gen-5_J2hcz30.wav,8,200.0,within-category-game-a,spliff,gen-5_J2hcz30.wav
409,5,0,within-category-game-a/spliff/gen-5_a7DOfGW.wav,8,335.0,within-category-game-a,spliff,gen-5_a7DOfGW.wav
229,5,0,within-category-game-a/spliff/gen-5_dm81GXx.wav,8,200.0,within-category-game-a,spliff,gen-5_dm81GXx.wav
423,5,0,within-category-game-a/spliff/gen-5_nhs2w33.wav,8,366.0,within-category-game-a,spliff,gen-5_nhs2w33.wav
314,5,0,within-category-game-a/spliff/gen-5_zEwZD6y.wav,8,295.0,within-category-game-a,spliff,gen-5_zEwZD6y.wav
190,6,0,within-category-game-a/spliff/gen-6.wav,8,186.0,within-category-game-a,spliff,gen-6.wav
263,6,0,within-category-game-a/spliff/gen-6_1Zato0z.wav,8,212.0,within-category-game-a,spliff,gen-6_1Zato0z.wav
438,6,0,within-category-game-a/spliff/gen-6_8qLO052.wav,8,409.0,within-category-game-a,spliff,gen-6_8qLO052.wav
245,6,0,within-category-game-a/spliff/gen-6_9DQPLyr.wav,8,186.0,within-category-game-a,spliff,gen-6_9DQPLyr.wav
442,6,1,within-category-game-a/spliff/gen-6_IAM3wOy.wav,8,423.0,within-category-game-a,spliff,gen-6_IAM3wOy.wav
258,6,0,within-category-game-a/spliff/gen-6_cvFlEjE.wav,8,186.0,within-category-game-a,spliff,gen-6_cvFlEjE.wav
252,6,0,within-category-game-a/spliff/gen-6_h7SphEF.wav,8,229.0,within-category-game-a,spliff,gen-6_h7SphEF.wav
346,6,0,within-category-game-a/spliff/gen-6_qXtUN4E.wav,8,314.0,within-category-game-a,spliff,gen-6_qXtUN4E.wav
249,6,0,within-category-game-a/spliff/gen-6_teXiMH5.wav,8,183.0,within-category-game-a,spliff,gen-6_teXiMH5.wav
239,7,0,within-category-game-a/spliff/gen-7.wav,8,190.0,within-category-game-a,spliff,gen-7.wav
269,7,0,within-category-game-a/spliff/gen-7_82s6jtv.wav,8,258.0,within-category-game-a,spliff,gen-7_82s6jtv.wav
486,7,1,within-category-game-a/spliff/gen-7_DGhMOPh.wav,8,346.0,within-category-game-a,spliff,gen-7_DGhMOPh.wav
492,7,0,within-category-game-a/spliff/gen-7_zRxr39G.wav,8,438.0,within-category-game-a,spliff,gen-7_zRxr39G.wav
511,8,0,within-category-game-a/spliff/gen-8.wav,8,492.0,within-category-game-a,spliff,gen-8.wav
521,9,1,within-category-game-a/spliff/gen-9.wav,8,511.0,within-category-game-a,spliff,gen-9.wav
139,0,0,within-category-game-a/spliff/seed.wav,8,,within-category-game-a,spliff,seed.wav
147,1,0,within-category-game-a/splish/gen-1.wav,7,138.0,within-category-game-a,splish,gen-1.wav
473,10,0,within-category-game-a/splish/gen-10.wav,7,324.0,within-category-game-a,splish,gen-10.wav
488,11,0,within-category-game-a/splish/gen-11.wav,7,473.0,within-category-game-a,splish,gen-11.wav
494,12,1,within-category-game-a/splish/gen-12.wav,7,488.0,within-category-game-a,splish,gen-12.wav
483,1,1,within-category-game-a/splish/gen-1_68jvQYU.wav,7,138.0,within-category-game-a,splish,gen-1_68jvQYU.wav
149,1,0,within-category-game-a/splish/gen-1_9yHqW8V.wav,7,138.0,within-category-game-a,splish,gen-1_9yHqW8V.wav
151,2,0,within-category-game-a/splish/gen-2.wav,7,147.0,within-category-game-a,splish,gen-2.wav
162,2,0,within-category-game-a/splish/gen-2_8QhdTAX.wav,7,149.0,within-category-game-a,splish,gen-2_8QhdTAX.wav
161,2,0,within-category-game-a/splish/gen-2_TRLEjDL.wav,7,149.0,within-category-game-a,splish,gen-2_TRLEjDL.wav
157,2,0,within-category-game-a/splish/gen-2_akzNs6b.wav,7,149.0,within-category-game-a,splish,gen-2_akzNs6b.wav
165,2,0,within-category-game-a/splish/gen-2_bu8PF7C.wav,7,149.0,within-category-game-a,splish,gen-2_bu8PF7C.wav
180,2,0,within-category-game-a/splish/gen-2_d81lpCE.wav,7,149.0,within-category-game-a,splish,gen-2_d81lpCE.wav
181,2,0,within-category-game-a/splish/gen-2_zcyf2rL.wav,7,149.0,within-category-game-a,splish,gen-2_zcyf2rL.wav
171,3,0,within-category-game-a/splish/gen-3.wav,7,161.0,within-category-game-a,splish,gen-3.wav
232,3,0,within-category-game-a/splish/gen-3_BuWKBue.wav,7,180.0,within-category-game-a,splish,gen-3_BuWKBue.wav
197,3,0,within-category-game-a/splish/gen-3_Cej6x7X.wav,7,162.0,within-category-game-a,splish,gen-3_Cej6x7X.wav
226,3,0,within-category-game-a/splish/gen-3_D27lC0q.wav,7,165.0,within-category-game-a,splish,gen-3_D27lC0q.wav
188,3,0,within-category-game-a/splish/gen-3_LB4BxW1.wav,7,162.0,within-category-game-a,splish,gen-3_LB4BxW1.wav
255,3,0,within-category-game-a/splish/gen-3_NbOtli9.wav,7,180.0,within-category-game-a,splish,gen-3_NbOtli9.wav
223,3,0,within-category-game-a/splish/gen-3_TP6v6mu.wav,7,157.0,within-category-game-a,splish,gen-3_TP6v6mu.wav
176,3,0,within-category-game-a/splish/gen-3_ipanX4t.wav,7,151.0,within-category-game-a,splish,gen-3_ipanX4t.wav
192,3,0,within-category-game-a/splish/gen-3_uuHuqhB.wav,7,157.0,within-category-game-a,splish,gen-3_uuHuqhB.wav
204,4,0,within-category-game-a/splish/gen-4.wav,7,192.0,within-category-game-a,splish,gen-4.wav
247,4,0,within-category-game-a/splish/gen-4_1lIFkNb.wav,7,197.0,within-category-game-a,splish,gen-4_1lIFkNb.wav
231,4,0,within-category-game-a/splish/gen-4_9dmCHII.wav,7,226.0,within-category-game-a,splish,gen-4_9dmCHII.wav
260,4,0,within-category-game-a/splish/gen-4_NSS1wa1.wav,7,171.0,within-category-game-a,splish,gen-4_NSS1wa1.wav
214,4,0,within-category-game-a/splish/gen-4_ehyOEkQ.wav,7,188.0,within-category-game-a,splish,gen-4_ehyOEkQ.wav
256,4,0,within-category-game-a/splish/gen-4_jowY9Jk.wav,7,197.0,within-category-game-a,splish,gen-4_jowY9Jk.wav
206,4,0,within-category-game-a/splish/gen-4_nVCjsRI.wav,7,171.0,within-category-game-a,splish,gen-4_nVCjsRI.wav
268,4,1,within-category-game-a/splish/gen-4_veWnJOZ.wav,7,188.0,within-category-game-a,splish,gen-4_veWnJOZ.wav
208,5,0,within-category-game-a/splish/gen-5.wav,7,206.0,within-category-game-a,splish,gen-5.wav
315,5,0,within-category-game-a/splish/gen-5_1i6dx9F.wav,7,206.0,within-category-game-a,splish,gen-5_1i6dx9F.wav
348,5,1,within-category-game-a/splish/gen-5_8EIJi5I.wav,7,214.0,within-category-game-a,splish,gen-5_8EIJi5I.wav
221,5,0,within-category-game-a/splish/gen-5_OaOhg2S.wav,7,214.0,within-category-game-a,splish,gen-5_OaOhg2S.wav
277,5,0,within-category-game-a/splish/gen-5_WVU8ROA.wav,7,247.0,within-category-game-a,splish,gen-5_WVU8ROA.wav
211,5,0,within-category-game-a/splish/gen-5_akXOAdY.wav,7,204.0,within-category-game-a,splish,gen-5_akXOAdY.wav
290,5,0,within-category-game-a/splish/gen-5_gOlDVBx.wav,7,256.0,within-category-game-a,splish,gen-5_gOlDVBx.wav
402,5,0,within-category-game-a/splish/gen-5_gxsyGXP.wav,7,260.0,within-category-game-a,splish,gen-5_gxsyGXP.wav
439,5,1,within-category-game-a/splish/gen-5_h3otbP7.wav,7,231.0,within-category-game-a,splish,gen-5_h3otbP7.wav
238,6,0,within-category-game-a/splish/gen-6.wav,7,221.0,within-category-game-a,splish,gen-6.wav
354,6,1,within-category-game-a/splish/gen-6_CCHmPiJ.wav,7,208.0,within-category-game-a,splish,gen-6_CCHmPiJ.wav
294,6,0,within-category-game-a/splish/gen-6_NduJFUz.wav,7,277.0,within-category-game-a,splish,gen-6_NduJFUz.wav
337,6,0,within-category-game-a/splish/gen-6_OpsL4GH.wav,7,290.0,within-category-game-a,splish,gen-6_OpsL4GH.wav
243,6,0,within-category-game-a/splish/gen-6_VSLWLWb.wav,7,221.0,within-category-game-a,splish,gen-6_VSLWLWb.wav
355,6,0,within-category-game-a/splish/gen-6_e3Tv8Xe.wav,7,221.0,within-category-game-a,splish,gen-6_e3Tv8Xe.wav
508,6,1,within-category-game-a/splish/gen-6_gHhlK5Z.wav,7,402.0,within-category-game-a,splish,gen-6_gHhlK5Z.wav
422,6,0,within-category-game-a/splish/gen-6_zFUaX00.wav,7,315.0,within-category-game-a,splish,gen-6_zFUaX00.wav
265,7,0,within-category-game-a/splish/gen-7.wav,7,238.0,within-category-game-a,splish,gen-7.wav
275,7,1,within-category-game-a/splish/gen-7_3aw08xL.wav,7,243.0,within-category-game-a,splish,gen-7_3aw08xL.wav
520,7,1,within-category-game-a/splish/gen-7_80YXdoN.wav,7,422.0,within-category-game-a,splish,gen-7_80YXdoN.wav
410,7,0,within-category-game-a/splish/gen-7_Corqcaa.wav,7,355.0,within-category-game-a,splish,gen-7_Corqcaa.wav
392,7,0,within-category-game-a/splish/gen-7_Ed9S0cd.wav,7,337.0,within-category-game-a,splish,gen-7_Ed9S0cd.wav
397,7,0,within-category-game-a/splish/gen-7_TbXZvtR.wav,7,238.0,within-category-game-a,splish,gen-7_TbXZvtR.wav
364,7,0,within-category-game-a/splish/gen-7_lBQdcxC.wav,7,294.0,within-category-game-a,splish,gen-7_lBQdcxC.wav
320,7,0,within-category-game-a/splish/gen-7_liYuvJK.wav,7,243.0,within-category-game-a,splish,gen-7_liYuvJK.wav
301,8,0,within-category-game-a/splish/gen-8.wav,7,265.0,within-category-game-a,splish,gen-8.wav
376,8,0,within-category-game-a/splish/gen-8_7HdAhYJ.wav,7,364.0,within-category-game-a,splish,gen-8_7HdAhYJ.wav
460,8,1,within-category-game-a/splish/gen-8_WGFWKw0.wav,7,392.0,within-category-game-a,splish,gen-8_WGFWKw0.wav
444,8,0,within-category-game-a/splish/gen-8_Y5a0ed9.wav,7,320.0,within-category-game-a,splish,gen-8_Y5a0ed9.wav
514,8,1,within-category-game-a/splish/gen-8_ZPDLwQK.wav,7,397.0,within-category-game-a,splish,gen-8_ZPDLwQK.wav
469,8,1,within-category-game-a/splish/gen-8_x5CbaGC.wav,7,410.0,within-category-game-a,splish,gen-8_x5CbaGC.wav
324,9,0,within-category-game-a/splish/gen-9.wav,7,301.0,within-category-game-a,splish,gen-9.wav
416,9,1,within-category-game-a/splish/gen-9_0kxGws0.wav,7,376.0,within-category-game-a,splish,gen-9_0kxGws0.wav
447,9,1,within-category-game-a/splish/gen-9_B4y8vRD.wav,7,444.0,within-category-game-a,splish,gen-9_B4y8vRD.wav
138,0,1,within-category-game-a/splish/seed.wav,7,,within-category-game-a,splish,seed.wav
142,1,0,within-category-game-a/sploush/gen-1.wav,9,140.0,within-category-game-a,sploush,gen-1.wav
156,1,0,within-category-game-a/sploush/gen-1_6B1Vcjh.wav,9,140.0,within-category-game-a,sploush,gen-1_6B1Vcjh.wav
150,1,0,within-category-game-a/sploush/gen-1_6lbMtjy.wav,9,140.0,within-category-game-a,sploush,gen-1_6lbMtjy.wav
347,1,0,within-category-game-a/sploush/gen-1_Hu6LCJh.wav,9,140.0,within-category-game-a,sploush,gen-1_Hu6LCJh.wav
153,2,0,within-category-game-a/sploush/gen-2.wav,9,150.0,within-category-game-a,sploush,gen-2.wav
168,2,0,within-category-game-a/sploush/gen-2_CU6vevF.wav,9,150.0,within-category-game-a,sploush,gen-2_CU6vevF.wav
187,2,0,within-category-game-a/sploush/gen-2_JweZv7R.wav,9,150.0,within-category-game-a,sploush,gen-2_JweZv7R.wav
191,2,0,within-category-game-a/sploush/gen-2_KLkDavs.wav,9,150.0,within-category-game-a,sploush,gen-2_KLkDavs.wav
167,2,0,within-category-game-a/sploush/gen-2_OECLcnF.wav,9,156.0,within-category-game-a,sploush,gen-2_OECLcnF.wav
370,2,0,within-category-game-a/sploush/gen-2_OJ3cXpX.wav,9,347.0,within-category-game-a,sploush,gen-2_OJ3cXpX.wav
184,2,0,within-category-game-a/sploush/gen-2_WVLGdQQ.wav,9,142.0,within-category-game-a,sploush,gen-2_WVLGdQQ.wav
230,2,0,within-category-game-a/sploush/gen-2_qiDVIWX.wav,9,142.0,within-category-game-a,sploush,gen-2_qiDVIWX.wav
155,2,0,within-category-game-a/sploush/gen-2_u0L93qx.wav,9,150.0,within-category-game-a,sploush,gen-2_u0L93qx.wav
173,3,0,within-category-game-a/sploush/gen-3.wav,9,167.0,within-category-game-a,sploush,gen-3.wav
219,3,0,within-category-game-a/sploush/gen-3_25ctt9o.wav,9,168.0,within-category-game-a,sploush,gen-3_25ctt9o.wav
205,3,0,within-category-game-a/sploush/gen-3_3wRxe5U.wav,9,155.0,within-category-game-a,sploush,gen-3_3wRxe5U.wav
174,3,0,within-category-game-a/sploush/gen-3_D31npEH.wav,9,167.0,within-category-game-a,sploush,gen-3_D31npEH.wav
254,3,0,within-category-game-a/sploush/gen-3_FYOaBp1.wav,9,230.0,within-category-game-a,sploush,gen-3_FYOaBp1.wav
179,3,0,within-category-game-a/sploush/gen-3_N7yuM0J.wav,9,168.0,within-category-game-a,sploush,gen-3_N7yuM0J.wav
236,3,0,within-category-game-a/sploush/gen-3_Ta8wZHA.wav,9,168.0,within-category-game-a,sploush,gen-3_Ta8wZHA.wav
195,3,0,within-category-game-a/sploush/gen-3_XH6DSGV.wav,9,168.0,within-category-game-a,sploush,gen-3_XH6DSGV.wav
202,3,0,within-category-game-a/sploush/gen-3_at5ok4Q.wav,9,155.0,within-category-game-a,sploush,gen-3_at5ok4Q.wav
237,3,0,within-category-game-a/sploush/gen-3_buuvrQk.wav,9,168.0,within-category-game-a,sploush,gen-3_buuvrQk.wav
194,3,0,within-category-game-a/sploush/gen-3_n4tO0nv.wav,9,155.0,within-category-game-a,sploush,gen-3_n4tO0nv.wav
207,3,0,within-category-game-a/sploush/gen-3_qpjmeFl.wav,9,184.0,within-category-game-a,sploush,gen-3_qpjmeFl.wav
215,3,0,within-category-game-a/sploush/gen-3_ucwMkKJ.wav,9,155.0,within-category-game-a,sploush,gen-3_ucwMkKJ.wav
395,3,1,within-category-game-a/sploush/gen-3_yOyHJy8.wav,9,370.0,within-category-game-a,sploush,gen-3_yOyHJy8.wav
216,4,0,within-category-game-a/sploush/gen-4.wav,9,207.0,within-category-game-a,sploush,gen-4.wav
289,4,1,within-category-game-a/sploush/gen-4_62at7Hn.wav,9,173.0,within-category-game-a,sploush,gen-4_62at7Hn.wav
257,4,0,within-category-game-a/sploush/gen-4_F6qElth.wav,9,219.0,within-category-game-a,sploush,gen-4_F6qElth.wav
272,4,0,within-category-game-a/sploush/gen-4_Fk6sUXK.wav,9,195.0,within-category-game-a,sploush,gen-4_Fk6sUXK.wav
468,4,1,within-category-game-a/sploush/gen-4_PlWfaDh.wav,9,174.0,within-category-game-a,sploush,gen-4_PlWfaDh.wav
322,4,0,within-category-game-a/sploush/gen-4_SPunlEG.wav,9,195.0,within-category-game-a,sploush,gen-4_SPunlEG.wav
338,4,1,within-category-game-a/sploush/gen-4_ayHQB2w.wav,9,179.0,within-category-game-a,sploush,gen-4_ayHQB2w.wav
244,4,0,within-category-game-a/sploush/gen-4_bPD4fQU.wav,9,219.0,within-category-game-a,sploush,gen-4_bPD4fQU.wav
224,4,0,within-category-game-a/sploush/gen-4_qUt6Gko.wav,9,194.0,within-category-game-a,sploush,gen-4_qUt6Gko.wav
242,4,0,within-category-game-a/sploush/gen-4_vUUNMsa.wav,9,236.0,within-category-game-a,sploush,gen-4_vUUNMsa.wav
267,4,0,within-category-game-a/sploush/gen-4_zJeEqlX.wav,9,173.0,within-category-game-a,sploush,gen-4_zJeEqlX.wav
250,5,0,within-category-game-a/sploush/gen-5.wav,9,242.0,within-category-game-a,sploush,gen-5.wav
399,5,0,within-category-game-a/sploush/gen-5_1O94yd1.wav,9,322.0,within-category-game-a,sploush,gen-5_1O94yd1.wav
421,5,0,within-category-game-a/sploush/gen-5_BknvKZ3.wav,9,257.0,within-category-game-a,sploush,gen-5_BknvKZ3.wav
276,5,0,within-category-game-a/sploush/gen-5_Esw1BAk.wav,9,272.0,within-category-game-a,sploush,gen-5_Esw1BAk.wav
271,5,0,within-category-game-a/sploush/gen-5_dEY9ebF.wav,9,244.0,within-category-game-a,sploush,gen-5_dEY9ebF.wav
380,5,0,within-category-game-a/sploush/gen-5_f4xYU5M.wav,9,242.0,within-category-game-a,sploush,gen-5_f4xYU5M.wav
261,5,0,within-category-game-a/sploush/gen-5_kLkCsZW.wav,9,257.0,within-category-game-a,sploush,gen-5_kLkCsZW.wav
304,5,0,within-category-game-a/sploush/gen-5_qQWayeh.wav,9,267.0,within-category-game-a,sploush,gen-5_qQWayeh.wav
358,5,1,within-category-game-a/sploush/gen-5_v1Exw52.wav,9,244.0,within-category-game-a,sploush,gen-5_v1Exw52.wav
288,6,1,within-category-game-a/sploush/gen-6.wav,9,250.0,within-category-game-a,sploush,gen-6.wav
408,6,0,within-category-game-a/sploush/gen-6_8A94RHB.wav,9,261.0,within-category-game-a,sploush,gen-6_8A94RHB.wav
461,6,0,within-category-game-a/sploush/gen-6_Ip6q9qs.wav,9,380.0,within-category-game-a,sploush,gen-6_Ip6q9qs.wav
441,6,0,within-category-game-a/sploush/gen-6_Jem5Qrm.wav,9,421.0,within-category-game-a,sploush,gen-6_Jem5Qrm.wav
391,6,1,within-category-game-a/sploush/gen-6_Xwv66D8.wav,9,271.0,within-category-game-a,sploush,gen-6_Xwv66D8.wav
310,6,0,within-category-game-a/sploush/gen-6_lCULUIU.wav,9,304.0,within-category-game-a,sploush,gen-6_lCULUIU.wav
443,6,0,within-category-game-a/sploush/gen-6_sPUVe4P.wav,9,399.0,within-category-game-a,sploush,gen-6_sPUVe4P.wav
319,6,0,within-category-game-a/sploush/gen-6_vA4UWDk.wav,9,276.0,within-category-game-a,sploush,gen-6_vA4UWDk.wav
368,7,0,within-category-game-a/sploush/gen-7.wav,9,319.0,within-category-game-a,sploush,gen-7.wav
472,7,0,within-category-game-a/sploush/gen-7_LvL1YNy.wav,9,441.0,within-category-game-a,sploush,gen-7_LvL1YNy.wav
512,7,0,within-category-game-a/sploush/gen-7_Ogkf2Jc.wav,9,461.0,within-category-game-a,sploush,gen-7_Ogkf2Jc.wav
491,7,1,within-category-game-a/sploush/gen-7_ROCTUEK.wav,9,310.0,within-category-game-a,sploush,gen-7_ROCTUEK.wav
484,7,1,within-category-game-a/sploush/gen-7_YmuDpqU.wav,9,408.0,within-category-game-a,sploush,gen-7_YmuDpqU.wav
448,7,1,within-category-game-a/sploush/gen-7_g6XfYn0.wav,9,443.0,within-category-game-a,sploush,gen-7_g6XfYn0.wav
487,8,1,within-category-game-a/sploush/gen-8.wav,9,368.0,within-category-game-a,sploush,gen-8.wav
507,8,1,within-category-game-a/sploush/gen-8_Koh3dso.wav,9,472.0,within-category-game-a,sploush,gen-8_Koh3dso.wav
522,8,1,within-category-game-a/sploush/gen-8_aXin7CK.wav,9,512.0,within-category-game-a,sploush,gen-8_aXin7CK.wav
140,0,0,within-category-game-a/sploush/seed.wav,9,,within-category-game-a,sploush,seed.wav
143,1,0,within-category-game-a/spout/gen-1.wav,10,141.0,within-category-game-a,spout,gen-1.wav
274,1,0,within-category-game-a/spout/gen-1_BRScYYp.wav,10,141.0,within-category-game-a,spout,gen-1_BRScYYp.wav
145,1,0,within-category-game-a/spout/gen-1_DRt0s37.wav,10,141.0,within-category-game-a,spout,gen-1_DRt0s37.wav
154,1,0,within-category-game-a/spout/gen-1_M2xiAKM.wav,10,141.0,within-category-game-a,spout,gen-1_M2xiAKM.wav
144,1,0,within-category-game-a/spout/gen-1_PYRvcQl.wav,10,141.0,within-category-game-a,spout,gen-1_PYRvcQl.wav
201,1,0,within-category-game-a/spout/gen-1_jvkVvGa.wav,10,141.0,within-category-game-a,spout,gen-1_jvkVvGa.wav
158,2,0,within-category-game-a/spout/gen-2.wav,10,145.0,within-category-game-a,spout,gen-2.wav
169,2,0,within-category-game-a/spout/gen-2_3g1G5WQ.wav,10,143.0,within-category-game-a,spout,gen-2_3g1G5WQ.wav
251,2,0,within-category-game-a/spout/gen-2_5Mhef6H.wav,10,143.0,within-category-game-a,spout,gen-2_5Mhef6H.wav
241,2,0,within-category-game-a/spout/gen-2_7iIZkLm.wav,10,145.0,within-category-game-a,spout,gen-2_7iIZkLm.wav
193,2,0,within-category-game-a/spout/gen-2_IDSKV5u.wav,10,154.0,within-category-game-a,spout,gen-2_IDSKV5u.wav
172,2,0,within-category-game-a/spout/gen-2_PT3fhVn.wav,10,143.0,within-category-game-a,spout,gen-2_PT3fhVn.wav
225,2,0,within-category-game-a/spout/gen-2_TLkaAQh.wav,10,144.0,within-category-game-a,spout,gen-2_TLkaAQh.wav
182,2,0,within-category-game-a/spout/gen-2_fWCX2wz.wav,10,145.0,within-category-game-a,spout,gen-2_fWCX2wz.wav
163,2,0,within-category-game-a/spout/gen-2_r7qUqbt.wav,10,144.0,within-category-game-a,spout,gen-2_r7qUqbt.wav
220,2,0,within-category-game-a/spout/gen-2_uinQQYF.wav,10,154.0,within-category-game-a,spout,gen-2_uinQQYF.wav
175,3,0,within-category-game-a/spout/gen-3.wav,10,172.0,within-category-game-a,spout,gen-3.wav
259,3,0,within-category-game-a/spout/gen-3_1mcfmMV.wav,10,193.0,within-category-game-a,spout,gen-3_1mcfmMV.wav
185,3,0,within-category-game-a/spout/gen-3_5UStkiv.wav,10,163.0,within-category-game-a,spout,gen-3_5UStkiv.wav
262,3,0,within-category-game-a/spout/gen-3_8Hx3gv4.wav,10,182.0,within-category-game-a,spout,gen-3_8Hx3gv4.wav
234,3,0,within-category-game-a/spout/gen-3_GRQrZAN.wav,10,172.0,within-category-game-a,spout,gen-3_GRQrZAN.wav
198,3,0,within-category-game-a/spout/gen-3_HCo9hDA.wav,10,172.0,within-category-game-a,spout,gen-3_HCo9hDA.wav
253,3,0,within-category-game-a/spout/gen-3_Ja7L7uP.wav,10,251.0,within-category-game-a,spout,gen-3_Ja7L7uP.wav
213,3,0,within-category-game-a/spout/gen-3_JluxWCE.wav,10,193.0,within-category-game-a,spout,gen-3_JluxWCE.wav
235,3,0,within-category-game-a/spout/gen-3_Qfb2xwg.wav,10,193.0,within-category-game-a,spout,gen-3_Qfb2xwg.wav
217,3,0,within-category-game-a/spout/gen-3_SNnc46n.wav,10,172.0,within-category-game-a,spout,gen-3_SNnc46n.wav
227,3,0,within-category-game-a/spout/gen-3_Unzh5RT.wav,10,193.0,within-category-game-a,spout,gen-3_Unzh5RT.wav
189,3,0,within-category-game-a/spout/gen-3_j4bAmQm.wav,10,182.0,within-category-game-a,spout,gen-3_j4bAmQm.wav
199,4,0,within-category-game-a/spout/gen-4.wav,10,175.0,within-category-game-a,spout,gen-4.wav
312,4,0,within-category-game-a/spout/gen-4_0nB201A.wav,10,234.0,within-category-game-a,spout,gen-4_0nB201A.wav
303,4,0,within-category-game-a/spout/gen-4_4BqYmCf.wav,10,175.0,within-category-game-a,spout,gen-4_4BqYmCf.wav
396,4,0,within-category-game-a/spout/gen-4_8zE5NGH.wav,10,217.0,within-category-game-a,spout,gen-4_8zE5NGH.wav
248,4,0,within-category-game-a/spout/gen-4_9lb7Muv.wav,10,235.0,within-category-game-a,spout,gen-4_9lb7Muv.wav
278,4,0,within-category-game-a/spout/gen-4_E1VZtsE.wav,10,198.0,within-category-game-a,spout,gen-4_E1VZtsE.wav
246,4,0,within-category-game-a/spout/gen-4_OycCwoR.wav,10,227.0,within-category-game-a,spout,gen-4_OycCwoR.wav
209,4,0,within-category-game-a/spout/gen-4_cWUtfWD.wav,10,198.0,within-category-game-a,spout,gen-4_cWUtfWD.wav
292,4,0,within-category-game-a/spout/gen-4_eaB3ps9.wav,10,253.0,within-category-game-a,spout,gen-4_eaB3ps9.wav
264,5,0,within-category-game-a/spout/gen-5.wav,10,246.0,within-category-game-a,spout,gen-5.wav
291,5,0,within-category-game-a/spout/gen-5_0kIMzit.wav,10,278.0,within-category-game-a,spout,gen-5_0kIMzit.wav
318,5,0,within-category-game-a/spout/gen-5_12duIGn.wav,10,312.0,within-category-game-a,spout,gen-5_12duIGn.wav
270,5,0,within-category-game-a/spout/gen-5_D1DI9x5.wav,10,209.0,within-category-game-a,spout,gen-5_D1DI9x5.wav
336,5,0,within-category-game-a/spout/gen-5_D1PyTdq.wav,10,303.0,within-category-game-a,spout,gen-5_D1PyTdq.wav
298,5,0,within-category-game-a/spout/gen-5_OVHfR04.wav,10,199.0,within-category-game-a,spout,gen-5_OVHfR04.wav
349,5,0,within-category-game-a/spout/gen-5_Sa5uEqV.wav,10,292.0,within-category-game-a,spout,gen-5_Sa5uEqV.wav
367,5,0,within-category-game-a/spout/gen-5_Shjjt3M.wav,10,209.0,within-category-game-a,spout,gen-5_Shjjt3M.wav
369,5,1,within-category-game-a/spout/gen-5_So3VJ2k.wav,10,209.0,within-category-game-a,spout,gen-5_So3VJ2k.wav
445,5,0,within-category-game-a/spout/gen-5_dQ0iWX1.wav,10,396.0,within-category-game-a,spout,gen-5_dQ0iWX1.wav
329,6,0,within-category-game-a/spout/gen-6.wav,10,291.0,within-category-game-a,spout,gen-6.wav
378,6,0,within-category-game-a/spout/gen-6_EdyeMMA.wav,10,349.0,within-category-game-a,spout,gen-6_EdyeMMA.wav
440,6,0,within-category-game-a/spout/gen-6_JFI6kjp.wav,10,298.0,within-category-game-a,spout,gen-6_JFI6kjp.wav
356,6,0,within-category-game-a/spout/gen-6_MEKo3WB.wav,10,318.0,within-category-game-a,spout,gen-6_MEKo3WB.wav
493,6,1,within-category-game-a/spout/gen-6_OPAYqOS.wav,10,445.0,within-category-game-a,spout,gen-6_OPAYqOS.wav
466,6,1,within-category-game-a/spout/gen-6_rZsBFQi.wav,10,336.0,within-category-game-a,spout,gen-6_rZsBFQi.wav
424,6,0,within-category-game-a/spout/gen-6_umxJRXM.wav,10,367.0,within-category-game-a,spout,gen-6_umxJRXM.wav
394,7,0,within-category-game-a/spout/gen-7.wav,10,378.0,within-category-game-a,spout,gen-7.wav
449,7,0,within-category-game-a/spout/gen-7_FDxNwGF.wav,10,424.0,within-category-game-a,spout,gen-7_FDxNwGF.wav
459,7,1,within-category-game-a/spout/gen-7_MJwFs6i.wav,10,440.0,within-category-game-a,spout,gen-7_MJwFs6i.wav
509,7,1,within-category-game-a/spout/gen-7_Podl6iY.wav,10,329.0,within-category-game-a,spout,gen-7_Podl6iY.wav
407,7,0,within-category-game-a/spout/gen-7_kNgGHJ6.wav,10,356.0,within-category-game-a,spout,gen-7_kNgGHJ6.wav
398,8,0,within-category-game-a/spout/gen-8.wav,10,394.0,within-category-game-a,spout,gen-8.wav
485,8,0,within-category-game-a/spout/gen-8_3Kkqk3J.wav,10,449.0,within-category-game-a,spout,gen-8_3Kkqk3J.wav
474,8,0,within-category-game-a/spout/gen-8_JpImrV5.wav,10,407.0,within-category-game-a,spout,gen-8_JpImrV5.wav
489,9,1,within-category-game-a/spout/gen-9.wav,10,474.0,within-category-game-a,spout,gen-9.wav
513,9,1,within-category-game-a/spout/gen-9_GKbRNAJ.wav,10,398.0,within-category-game-a,spout,gen-9_GKbRNAJ.wav
519,9,1,within-category-game-a/spout/gen-9_dFoOZzC.wav,10,485.0,within-category-game-a,spout,gen-9_dFoOZzC.wav
141,0,0,within-category-game-a/spout/seed.wav,10,,within-category-game-a,spout,seed.wav
