survey_id,survey_label,question_id,given,given_game,given_chain,generation,answer
1,between,1,13,between-category-game-a,frip,1,4
12,between-splish,581,13,between-category-game-a,frip,1,4
1,between,2,15,between-category-game-a,frip,1,4
1,between,3,29,between-category-game-a,frip,1,4
1,between,4,18,between-category-game-a,frip,2,4
12,between-splish,625,18,between-category-game-a,frip,2,4
1,between,5,85,between-category-game-a,frip,2,4
1,between,6,60,between-category-game-a,frip,2,4
12,between-splish,561,60,between-category-game-a,frip,2,4
1,between,7,23,between-category-game-a,frip,2,4
1,between,8,41,between-category-game-a,frip,2,4
1,between,9,30,between-category-game-a,frip,2,4
12,between-splish,635,30,between-category-game-a,frip,2,4
1,between,10,94,between-category-game-a,frip,2,4
1,between,11,78,between-category-game-a,frip,2,4
12,between-splish,559,78,between-category-game-a,frip,2,4
1,between,12,114,between-category-game-a,frip,2,4
1,between,13,55,between-category-game-a,frip,2,4
12,between-splish,618,55,between-category-game-a,frip,2,4
1,between,14,33,between-category-game-a,frip,3,4
12,between-splish,592,33,between-category-game-a,frip,3,4
1,between,15,42,between-category-game-a,frip,3,4
12,between-splish,580,42,between-category-game-a,frip,3,4
1,between,16,111,between-category-game-a,frip,3,4
12,between-splish,639,111,between-category-game-a,frip,3,4
1,between,17,71,between-category-game-a,frip,3,4
1,between,18,58,between-category-game-a,frip,3,4
1,between,19,134,between-category-game-a,frip,3,4
12,between-splish,578,134,between-category-game-a,frip,3,4
1,between,20,107,between-category-game-a,frip,3,4
1,between,21,62,between-category-game-a,frip,3,4
12,between-splish,551,62,between-category-game-a,frip,3,4
1,between,22,116,between-category-game-a,frip,3,4
1,between,23,82,between-category-game-a,frip,3,4
12,between-splish,585,82,between-category-game-a,frip,3,4
1,between,24,48,between-category-game-a,frip,4,4
12,between-splish,568,48,between-category-game-a,frip,4,4
1,between,25,123,between-category-game-a,frip,4,4
12,between-splish,569,123,between-category-game-a,frip,4,4
1,between,26,77,between-category-game-a,frip,4,4
12,between-splish,588,77,between-category-game-a,frip,4,4
1,between,27,131,between-category-game-a,frip,4,4
12,between-splish,640,131,between-category-game-a,frip,4,4
1,between,28,66,between-category-game-a,frip,4,4
1,between,29,103,between-category-game-a,frip,4,4
1,between,30,9,between-category-game-a,heeh,1,1
12,between-splish,582,9,between-category-game-a,heeh,1,1
1,between,31,10,between-category-game-a,heeh,1,1
12,between-splish,615,10,between-category-game-a,heeh,1,1
1,between,32,21,between-category-game-a,heeh,1,1
1,between,33,24,between-category-game-a,heeh,2,1
12,between-splish,626,24,between-category-game-a,heeh,2,1
1,between,34,26,between-category-game-a,heeh,2,1
12,between-splish,589,26,between-category-game-a,heeh,2,1
1,between,35,53,between-category-game-a,heeh,2,1
12,between-splish,650,53,between-category-game-a,heeh,2,1
1,between,36,37,between-category-game-a,heeh,2,1
12,between-splish,617,37,between-category-game-a,heeh,2,1
1,between,37,39,between-category-game-a,heeh,2,1
12,between-splish,598,39,between-category-game-a,heeh,2,1
1,between,38,35,between-category-game-a,heeh,2,1
12,between-splish,601,35,between-category-game-a,heeh,2,1
1,between,39,32,between-category-game-a,heeh,3,1
1,between,40,51,between-category-game-a,heeh,3,1
1,between,41,63,between-category-game-a,heeh,3,1
1,between,42,57,between-category-game-a,heeh,3,1
1,between,43,135,between-category-game-a,heeh,3,1
1,between,44,115,between-category-game-a,heeh,3,1
12,between-splish,556,115,between-category-game-a,heeh,3,1
1,between,45,47,between-category-game-a,heeh,3,1
12,between-splish,593,47,between-category-game-a,heeh,3,1
1,between,46,124,between-category-game-a,heeh,3,1
12,between-splish,560,124,between-category-game-a,heeh,3,1
1,between,47,67,between-category-game-a,heeh,4,1
1,between,48,133,between-category-game-a,heeh,4,1
12,between-splish,609,133,between-category-game-a,heeh,4,1
1,between,49,128,between-category-game-a,heeh,4,1
1,between,50,104,between-category-game-a,heeh,4,1
12,between-splish,552,104,between-category-game-a,heeh,4,1
1,between,51,80,between-category-game-a,heeh,4,1
12,between-splish,622,80,between-category-game-a,heeh,4,1
1,between,52,98,between-category-game-a,heeh,4,1
12,between-splish,584,98,between-category-game-a,heeh,4,1
1,between,53,97,between-category-game-a,heeh,4,1
12,between-splish,613,97,between-category-game-a,heeh,4,1
1,between,54,74,between-category-game-a,heeh,4,1
12,between-splish,641,74,between-category-game-a,heeh,4,1
1,between,55,117,between-category-game-a,heeh,4,1
12,between-splish,575,117,between-category-game-a,heeh,4,1
1,between,56,73,between-category-game-a,heeh,4,1
1,between,57,86,between-category-game-a,heeh,5,1
1,between,58,92,between-category-game-a,heeh,5,1
12,between-splish,596,92,between-category-game-a,heeh,5,1
1,between,59,108,between-category-game-a,heeh,5,1
1,between,60,12,between-category-game-a,riri,1,2
1,between,61,75,between-category-game-a,riri,1,2
1,between,62,59,between-category-game-a,riri,1,2
12,between-splish,586,59,between-category-game-a,riri,1,2
1,between,63,16,between-category-game-a,riri,2,2
12,between-splish,636,16,between-category-game-a,riri,2,2
1,between,64,46,between-category-game-a,riri,2,2
1,between,65,22,between-category-game-a,riri,2,2
12,between-splish,554,22,between-category-game-a,riri,2,2
1,between,66,93,between-category-game-a,riri,2,2
12,between-splish,577,93,between-category-game-a,riri,2,2
1,between,67,118,between-category-game-a,riri,2,2
12,between-splish,566,118,between-category-game-a,riri,2,2
1,between,68,17,between-category-game-a,riri,3,2
12,between-splish,608,17,between-category-game-a,riri,3,2
1,between,69,34,between-category-game-a,riri,3,2
12,between-splish,555,34,between-category-game-a,riri,3,2
1,between,70,95,between-category-game-a,riri,3,2
1,between,71,81,between-category-game-a,riri,3,2
1,between,72,54,between-category-game-a,riri,3,2
12,between-splish,587,54,between-category-game-a,riri,3,2
1,between,73,50,between-category-game-a,riri,3,2
12,between-splish,594,50,between-category-game-a,riri,3,2
1,between,74,31,between-category-game-a,riri,3,2
1,between,75,27,between-category-game-a,riri,4,2
1,between,76,110,between-category-game-a,riri,4,2
1,between,77,68,between-category-game-a,riri,4,2
12,between-splish,553,68,between-category-game-a,riri,4,2
1,between,78,121,between-category-game-a,riri,4,2
12,between-splish,619,121,between-category-game-a,riri,4,2
1,between,79,64,between-category-game-a,riri,4,2
12,between-splish,557,64,between-category-game-a,riri,4,2
1,between,80,38,between-category-game-a,riri,4,2
12,between-splish,576,38,between-category-game-a,riri,4,2
1,between,81,105,between-category-game-a,riri,4,2
12,between-splish,614,105,between-category-game-a,riri,4,2
1,between,82,87,between-category-game-a,riri,4,2
12,between-splish,629,87,between-category-game-a,riri,4,2
1,between,83,70,between-category-game-a,riri,4,2
1,between,84,43,between-category-game-a,riri,5,2
1,between,85,125,between-category-game-a,riri,5,2
12,between-splish,632,125,between-category-game-a,riri,5,2
1,between,86,113,between-category-game-a,riri,5,2
1,between,87,130,between-category-game-a,riri,5,2
1,between,88,137,between-category-game-a,riri,5,2
12,between-splish,572,137,between-category-game-a,riri,5,2
1,between,89,84,between-category-game-a,riri,5,2
12,between-splish,647,84,between-category-game-a,riri,5,2
1,between,90,126,between-category-game-a,riri,5,2
1,between,91,101,between-category-game-a,riri,6,2
1,between,92,11,between-category-game-a,splish,1,3
12,between-splish,433,11,between-category-game-a,splish,1,3
13,within-splish,707,11,between-category-game-a,splish,1,138
1,between,93,25,between-category-game-a,splish,1,3
12,between-splish,437,25,between-category-game-a,splish,1,3
13,within-splish,711,25,between-category-game-a,splish,1,138
1,between,94,36,between-category-game-a,splish,1,3
12,between-splish,438,36,between-category-game-a,splish,1,3
13,within-splish,712,36,between-category-game-a,splish,1,138
1,between,95,45,between-category-game-a,splish,1,3
12,between-splish,439,45,between-category-game-a,splish,1,3
13,within-splish,713,45,between-category-game-a,splish,1,138
1,between,96,20,between-category-game-a,splish,1,3
12,between-splish,440,20,between-category-game-a,splish,1,3
13,within-splish,714,20,between-category-game-a,splish,1,138
1,between,97,52,between-category-game-a,splish,1,3
12,between-splish,441,52,between-category-game-a,splish,1,3
13,within-splish,715,52,between-category-game-a,splish,1,138
1,between,98,14,between-category-game-a,splish,1,3
12,between-splish,442,14,between-category-game-a,splish,1,3
13,within-splish,716,14,between-category-game-a,splish,1,138
1,between,99,88,between-category-game-a,splish,1,3
12,between-splish,443,88,between-category-game-a,splish,1,3
13,within-splish,717,88,between-category-game-a,splish,1,138
1,between,100,19,between-category-game-a,splish,2,3
12,between-splish,444,19,between-category-game-a,splish,2,3
13,within-splish,718,19,between-category-game-a,splish,2,138
1,between,101,61,between-category-game-a,splish,2,3
12,between-splish,445,61,between-category-game-a,splish,2,3
13,within-splish,719,61,between-category-game-a,splish,2,138
1,between,102,127,between-category-game-a,splish,2,3
12,between-splish,446,127,between-category-game-a,splish,2,3
13,within-splish,720,127,between-category-game-a,splish,2,138
1,between,103,28,between-category-game-a,splish,2,3
12,between-splish,447,28,between-category-game-a,splish,2,3
13,within-splish,721,28,between-category-game-a,splish,2,138
1,between,104,79,between-category-game-a,splish,2,3
12,between-splish,448,79,between-category-game-a,splish,2,3
13,within-splish,722,79,between-category-game-a,splish,2,138
1,between,105,49,between-category-game-a,splish,2,3
12,between-splish,449,49,between-category-game-a,splish,2,3
13,within-splish,723,49,between-category-game-a,splish,2,138
1,between,106,109,between-category-game-a,splish,2,3
12,between-splish,450,109,between-category-game-a,splish,2,3
13,within-splish,724,109,between-category-game-a,splish,2,138
1,between,107,122,between-category-game-a,splish,2,3
12,between-splish,451,122,between-category-game-a,splish,2,3
13,within-splish,725,122,between-category-game-a,splish,2,138
1,between,108,40,between-category-game-a,splish,2,3
12,between-splish,452,40,between-category-game-a,splish,2,3
13,within-splish,726,40,between-category-game-a,splish,2,138
1,between,109,76,between-category-game-a,splish,2,3
12,between-splish,453,76,between-category-game-a,splish,2,3
13,within-splish,727,76,between-category-game-a,splish,2,138
1,between,110,99,between-category-game-a,splish,2,3
12,between-splish,454,99,between-category-game-a,splish,2,3
13,within-splish,728,99,between-category-game-a,splish,2,138
1,between,111,44,between-category-game-a,splish,3,3
12,between-splish,455,44,between-category-game-a,splish,3,3
13,within-splish,729,44,between-category-game-a,splish,3,138
1,between,112,136,between-category-game-a,splish,3,3
12,between-splish,456,136,between-category-game-a,splish,3,3
13,within-splish,730,136,between-category-game-a,splish,3,138
1,between,113,69,between-category-game-a,splish,3,3
12,between-splish,457,69,between-category-game-a,splish,3,3
13,within-splish,731,69,between-category-game-a,splish,3,138
1,between,114,96,between-category-game-a,splish,3,3
12,between-splish,458,96,between-category-game-a,splish,3,3
13,within-splish,732,96,between-category-game-a,splish,3,138
1,between,115,119,between-category-game-a,splish,3,3
12,between-splish,459,119,between-category-game-a,splish,3,3
13,within-splish,733,119,between-category-game-a,splish,3,138
1,between,116,56,between-category-game-a,splish,4,3
12,between-splish,460,56,between-category-game-a,splish,4,3
13,within-splish,734,56,between-category-game-a,splish,4,138
1,between,117,65,between-category-game-a,splish,5,3
12,between-splish,466,65,between-category-game-a,splish,5,3
13,within-splish,740,65,between-category-game-a,splish,5,138
1,between,118,89,between-category-game-a,splish,5,3
12,between-splish,469,89,between-category-game-a,splish,5,3
13,within-splish,743,89,between-category-game-a,splish,5,138
1,between,119,72,between-category-game-a,splish,6,3
12,between-splish,472,72,between-category-game-a,splish,6,3
13,within-splish,746,72,between-category-game-a,splish,6,138
1,between,120,112,between-category-game-a,splish,6,3
12,between-splish,474,112,between-category-game-a,splish,6,3
13,within-splish,748,112,between-category-game-a,splish,6,138
1,between,121,106,between-category-game-a,splish,6,3
12,between-splish,475,106,between-category-game-a,splish,6,3
13,within-splish,749,106,between-category-game-a,splish,6,138
1,between,122,132,between-category-game-a,splish,6,3
12,between-splish,476,132,between-category-game-a,splish,6,3
13,within-splish,750,132,between-category-game-a,splish,6,138
2,within,123,146,within-category-game-a,spliff,1,139
13,within-splish,806,146,within-category-game-a,spliff,1,139
2,within,124,222,within-category-game-a,spliff,1,139
13,within-splish,819,222,within-category-game-a,spliff,1,139
2,within,125,152,within-category-game-a,spliff,2,139
13,within-splish,851,152,within-category-game-a,spliff,2,139
2,within,126,164,within-category-game-a,spliff,2,139
13,within-splish,862,164,within-category-game-a,spliff,2,139
2,within,127,228,within-category-game-a,spliff,2,139
13,within-splish,833,228,within-category-game-a,spliff,2,139
2,within,128,210,within-category-game-a,spliff,3,139
13,within-splish,832,210,within-category-game-a,spliff,3,139
2,within,129,147,within-category-game-a,splish,1,138
12,between-splish,495,147,within-category-game-a,splish,1,3
13,within-splish,651,147,within-category-game-a,splish,1,138
2,within,130,149,within-category-game-a,splish,1,138
12,between-splish,500,149,within-category-game-a,splish,1,3
13,within-splish,656,149,within-category-game-a,splish,1,138
2,within,131,162,within-category-game-a,splish,2,138
12,between-splish,501,162,within-category-game-a,splish,2,3
13,within-splish,657,162,within-category-game-a,splish,2,138
2,within,132,161,within-category-game-a,splish,2,138
12,between-splish,502,161,within-category-game-a,splish,2,3
13,within-splish,658,161,within-category-game-a,splish,2,138
2,within,133,165,within-category-game-a,splish,2,138
12,between-splish,503,165,within-category-game-a,splish,2,3
13,within-splish,659,165,within-category-game-a,splish,2,138
2,within,134,180,within-category-game-a,splish,2,138
12,between-splish,504,180,within-category-game-a,splish,2,3
13,within-splish,660,180,within-category-game-a,splish,2,138
2,within,135,181,within-category-game-a,splish,2,138
12,between-splish,505,181,within-category-game-a,splish,2,3
13,within-splish,661,181,within-category-game-a,splish,2,138
2,within,136,171,within-category-game-a,splish,3,138
12,between-splish,506,171,within-category-game-a,splish,3,3
13,within-splish,662,171,within-category-game-a,splish,3,138
2,within,137,232,within-category-game-a,splish,3,138
12,between-splish,507,232,within-category-game-a,splish,3,3
13,within-splish,663,232,within-category-game-a,splish,3,138
2,within,138,197,within-category-game-a,splish,3,138
12,between-splish,508,197,within-category-game-a,splish,3,3
13,within-splish,664,197,within-category-game-a,splish,3,138
2,within,139,226,within-category-game-a,splish,3,138
12,between-splish,509,226,within-category-game-a,splish,3,3
13,within-splish,665,226,within-category-game-a,splish,3,138
2,within,140,188,within-category-game-a,splish,3,138
12,between-splish,510,188,within-category-game-a,splish,3,3
13,within-splish,666,188,within-category-game-a,splish,3,138
2,within,141,255,within-category-game-a,splish,3,138
12,between-splish,511,255,within-category-game-a,splish,3,3
13,within-splish,667,255,within-category-game-a,splish,3,138
2,within,142,247,within-category-game-a,splish,4,138
12,between-splish,512,247,within-category-game-a,splish,4,3
13,within-splish,668,247,within-category-game-a,splish,4,138
2,within,143,231,within-category-game-a,splish,4,138
12,between-splish,513,231,within-category-game-a,splish,4,3
13,within-splish,669,231,within-category-game-a,splish,4,138
2,within,144,260,within-category-game-a,splish,4,138
12,between-splish,514,260,within-category-game-a,splish,4,3
13,within-splish,670,260,within-category-game-a,splish,4,138
2,within,145,214,within-category-game-a,splish,4,138
12,between-splish,515,214,within-category-game-a,splish,4,3
13,within-splish,671,214,within-category-game-a,splish,4,138
2,within,146,256,within-category-game-a,splish,4,138
12,between-splish,516,256,within-category-game-a,splish,4,3
13,within-splish,672,256,within-category-game-a,splish,4,138
2,within,147,206,within-category-game-a,splish,4,138
12,between-splish,517,206,within-category-game-a,splish,4,3
13,within-splish,673,206,within-category-game-a,splish,4,138
2,within,148,268,within-category-game-a,splish,4,138
12,between-splish,518,268,within-category-game-a,splish,4,3
13,within-splish,674,268,within-category-game-a,splish,4,138
2,within,149,208,within-category-game-a,splish,5,138
12,between-splish,519,208,within-category-game-a,splish,5,3
13,within-splish,675,208,within-category-game-a,splish,5,138
2,within,150,221,within-category-game-a,splish,5,138
12,between-splish,522,221,within-category-game-a,splish,5,3
13,within-splish,678,221,within-category-game-a,splish,5,138
2,within,151,238,within-category-game-a,splish,6,138
12,between-splish,527,238,within-category-game-a,splish,6,3
13,within-splish,683,238,within-category-game-a,splish,6,138
2,within,152,243,within-category-game-a,splish,6,138
12,between-splish,531,243,within-category-game-a,splish,6,3
13,within-splish,687,243,within-category-game-a,splish,6,138
2,within,153,265,within-category-game-a,splish,7,138
12,between-splish,535,265,within-category-game-a,splish,7,3
13,within-splish,691,265,within-category-game-a,splish,7,138
2,within,154,275,within-category-game-a,splish,7,138
12,between-splish,536,275,within-category-game-a,splish,7,3
13,within-splish,692,275,within-category-game-a,splish,7,138
2,within,155,156,within-category-game-a,sploush,1,140
13,within-splish,828,156,within-category-game-a,sploush,1,140
2,within,156,150,within-category-game-a,sploush,1,140
13,within-splish,815,150,within-category-game-a,sploush,1,140
2,within,157,168,within-category-game-a,sploush,2,140
13,within-splish,782,168,within-category-game-a,sploush,2,140
2,within,158,187,within-category-game-a,sploush,2,140
2,within,159,191,within-category-game-a,sploush,2,140
2,within,160,167,within-category-game-a,sploush,2,140
13,within-splish,793,167,within-category-game-a,sploush,2,140
2,within,161,173,within-category-game-a,sploush,3,140
2,within,162,219,within-category-game-a,sploush,3,140
13,within-splish,789,219,within-category-game-a,sploush,3,140
2,within,163,174,within-category-game-a,sploush,3,140
13,within-splish,864,174,within-category-game-a,sploush,3,140
2,within,164,179,within-category-game-a,sploush,3,140
2,within,165,236,within-category-game-a,sploush,3,140
13,within-splish,779,236,within-category-game-a,sploush,3,140
2,within,166,195,within-category-game-a,sploush,3,140
13,within-splish,820,195,within-category-game-a,sploush,3,140
2,within,167,237,within-category-game-a,sploush,3,140
2,within,168,257,within-category-game-a,sploush,4,140
13,within-splish,804,257,within-category-game-a,sploush,4,140
2,within,169,272,within-category-game-a,sploush,4,140
13,within-splish,826,272,within-category-game-a,sploush,4,140
2,within,170,244,within-category-game-a,sploush,4,140
13,within-splish,814,244,within-category-game-a,sploush,4,140
2,within,171,242,within-category-game-a,sploush,4,140
13,within-splish,809,242,within-category-game-a,sploush,4,140
2,within,172,267,within-category-game-a,sploush,4,140
13,within-splish,841,267,within-category-game-a,sploush,4,140
2,within,173,250,within-category-game-a,sploush,5,140
13,within-splish,816,250,within-category-game-a,sploush,5,140
2,within,174,271,within-category-game-a,sploush,5,140
13,within-splish,780,271,within-category-game-a,sploush,5,140
2,within,175,261,within-category-game-a,sploush,5,140
13,within-splish,785,261,within-category-game-a,sploush,5,140
2,within,176,143,within-category-game-a,spout,1,141
13,within-splish,831,143,within-category-game-a,spout,1,141
2,within,177,144,within-category-game-a,spout,1,141
2,within,178,201,within-category-game-a,spout,1,141
2,within,179,169,within-category-game-a,spout,2,141
13,within-splish,834,169,within-category-game-a,spout,2,141
2,within,180,251,within-category-game-a,spout,2,141
2,within,181,172,within-category-game-a,spout,2,141
13,within-splish,802,172,within-category-game-a,spout,2,141
2,within,182,225,within-category-game-a,spout,2,141
13,within-splish,855,225,within-category-game-a,spout,2,141
2,within,183,163,within-category-game-a,spout,2,141
13,within-splish,825,163,within-category-game-a,spout,2,141
2,within,184,175,within-category-game-a,spout,3,141
2,within,185,234,within-category-game-a,spout,3,141
13,within-splish,868,234,within-category-game-a,spout,3,141
2,within,186,198,within-category-game-a,spout,3,141
13,within-splish,803,198,within-category-game-a,spout,3,141
2,within,187,253,within-category-game-a,spout,3,141
13,within-splish,830,253,within-category-game-a,spout,3,141
2,within,188,217,within-category-game-a,spout,3,141
2,within,189,199,within-category-game-a,spout,4,141
13,within-splish,808,199,within-category-game-a,spout,4,141
2,within,190,209,within-category-game-a,spout,4,141
13,within-splish,854,209,within-category-game-a,spout,4,141
3,between,191,453,between-category-game-a,frip,1,4
12,between-splish,634,453,between-category-game-a,frip,1,4
3,between,192,311,between-category-game-a,frip,1,4
3,between,193,372,between-category-game-a,frip,2,4
3,between,194,456,between-category-game-a,frip,2,4
3,between,195,517,between-category-game-a,frip,3,4
3,between,196,475,between-category-game-a,frip,3,4
12,between-splish,627,475,between-category-game-a,frip,3,4
3,between,197,299,between-category-game-a,frip,4,4
12,between-splish,610,299,between-category-game-a,frip,4,4
3,between,198,281,between-category-game-a,frip,4,4
12,between-splish,628,281,between-category-game-a,frip,4,4
3,between,199,390,between-category-game-a,frip,4,4
12,between-splish,567,390,between-category-game-a,frip,4,4
3,between,200,333,between-category-game-a,frip,4,4
3,between,201,523,between-category-game-a,frip,4,4
12,between-splish,599,523,between-category-game-a,frip,4,4
3,between,202,285,between-category-game-a,frip,5,4
3,between,203,307,between-category-game-a,frip,5,4
12,between-splish,646,307,between-category-game-a,frip,5,4
3,between,204,412,between-category-game-a,frip,5,4
3,between,205,432,between-category-game-a,frip,5,4
3,between,206,341,between-category-game-a,frip,5,4
12,between-splish,602,341,between-category-game-a,frip,5,4
3,between,207,323,between-category-game-a,frip,5,4
3,between,208,351,between-category-game-a,frip,5,4
12,between-splish,604,351,between-category-game-a,frip,5,4
3,between,209,377,between-category-game-a,frip,5,4
3,between,210,425,between-category-game-a,frip,5,4
3,between,211,342,between-category-game-a,frip,6,4
3,between,212,495,between-category-game-a,frip,6,4
12,between-splish,637,495,between-category-game-a,frip,6,4
3,between,213,384,between-category-game-a,frip,6,4
12,between-splish,565,384,between-category-game-a,frip,6,4
3,between,214,361,between-category-game-a,frip,6,4
3,between,215,405,between-category-game-a,frip,7,4
3,between,216,464,between-category-game-a,frip,7,4
3,between,217,420,between-category-game-a,frip,7,4
12,between-splish,644,420,between-category-game-a,frip,7,4
3,between,218,527,between-category-game-a,frip,7,4
12,between-splish,564,527,between-category-game-a,frip,7,4
3,between,219,504,between-category-game-a,frip,7,4
12,between-splish,616,504,between-category-game-a,frip,7,4
3,between,220,482,between-category-game-a,frip,8,4
12,between-splish,645,482,between-category-game-a,frip,8,4
3,between,221,297,between-category-game-a,heeh,1,1
12,between-splish,605,297,between-category-game-a,heeh,1,1
3,between,222,428,between-category-game-a,heeh,2,1
3,between,223,452,between-category-game-a,heeh,3,1
3,between,224,434,between-category-game-a,heeh,5,1
3,between,225,382,between-category-game-a,heeh,5,1
12,between-splish,590,382,between-category-game-a,heeh,5,1
3,between,226,309,between-category-game-a,heeh,5,1
12,between-splish,642,309,between-category-game-a,heeh,5,1
3,between,227,280,between-category-game-a,heeh,5,1
12,between-splish,558,280,between-category-game-a,heeh,5,1
3,between,228,345,between-category-game-a,heeh,5,1
3,between,229,353,between-category-game-a,heeh,5,1
3,between,230,360,between-category-game-a,heeh,5,1
12,between-splish,606,360,between-category-game-a,heeh,5,1
3,between,231,343,between-category-game-a,heeh,5,1
12,between-splish,620,343,between-category-game-a,heeh,5,1
3,between,232,331,between-category-game-a,heeh,5,1
12,between-splish,579,331,between-category-game-a,heeh,5,1
3,between,233,284,between-category-game-a,heeh,5,1
12,between-splish,571,284,between-category-game-a,heeh,5,1
3,between,234,313,between-category-game-a,heeh,6,1
12,between-splish,607,313,between-category-game-a,heeh,6,1
3,between,235,387,between-category-game-a,heeh,6,1
12,between-splish,611,387,between-category-game-a,heeh,6,1
3,between,236,528,between-category-game-a,heeh,6,1
3,between,237,470,between-category-game-a,heeh,6,1
12,between-splish,597,470,between-category-game-a,heeh,6,1
3,between,238,373,between-category-game-a,heeh,6,1
3,between,239,386,between-category-game-a,heeh,6,1
3,between,240,326,between-category-game-a,heeh,6,1
12,between-splish,649,326,between-category-game-a,heeh,6,1
3,between,241,497,between-category-game-a,heeh,6,1
3,between,242,463,between-category-game-a,heeh,6,1
12,between-splish,612,463,between-category-game-a,heeh,6,1
3,between,243,526,between-category-game-a,heeh,6,1
12,between-splish,603,526,between-category-game-a,heeh,6,1
3,between,244,417,between-category-game-a,heeh,7,1
3,between,245,515,between-category-game-a,heeh,7,1
12,between-splish,623,515,between-category-game-a,heeh,7,1
3,between,246,481,between-category-game-a,heeh,7,1
3,between,247,429,between-category-game-a,heeh,7,1
12,between-splish,630,429,between-category-game-a,heeh,7,1
3,between,248,457,between-category-game-a,heeh,8,1
12,between-splish,583,457,between-category-game-a,heeh,8,1
3,between,249,503,between-category-game-a,heeh,8,1
3,between,250,478,between-category-game-a,heeh,9,1
3,between,251,476,between-category-game-a,riri,10,2
3,between,252,465,between-category-game-a,riri,1,2
12,between-splish,643,465,between-category-game-a,riri,1,2
3,between,253,404,between-category-game-a,riri,5,2
3,between,254,286,between-category-game-a,riri,5,2
3,between,255,282,between-category-game-a,riri,5,2
12,between-splish,595,282,between-category-game-a,riri,5,2
3,between,256,328,between-category-game-a,riri,5,2
12,between-splish,648,328,between-category-game-a,riri,5,2
3,between,257,455,between-category-game-a,riri,5,2
12,between-splish,574,455,between-category-game-a,riri,5,2
3,between,258,498,between-category-game-a,riri,5,2
3,between,259,340,between-category-game-a,riri,5,2
12,between-splish,621,340,between-category-game-a,riri,5,2
3,between,260,316,between-category-game-a,riri,5,2
12,between-splish,562,316,between-category-game-a,riri,5,2
3,between,261,300,between-category-game-a,riri,6,2
12,between-splish,563,300,between-category-game-a,riri,6,2
3,between,262,363,between-category-game-a,riri,6,2
3,between,263,518,between-category-game-a,riri,6,2
3,between,264,524,between-category-game-a,riri,6,2
3,between,265,371,between-category-game-a,riri,6,2
12,between-splish,573,371,between-category-game-a,riri,6,2
3,between,266,330,between-category-game-a,riri,6,2
12,between-splish,591,330,between-category-game-a,riri,6,2
3,between,267,480,between-category-game-a,riri,6,2
3,between,268,419,between-category-game-a,riri,6,2
12,between-splish,570,419,between-category-game-a,riri,6,2
3,between,269,389,between-category-game-a,riri,6,2
3,between,270,436,between-category-game-a,riri,6,2
12,between-splish,633,436,between-category-game-a,riri,6,2
3,between,271,426,between-category-game-a,riri,6,2
3,between,272,308,between-category-game-a,riri,7,2
12,between-splish,600,308,between-category-game-a,riri,7,2
3,between,273,505,between-category-game-a,riri,7,2
12,between-splish,624,505,between-category-game-a,riri,7,2
3,between,274,529,between-category-game-a,riri,7,2
3,between,275,385,between-category-game-a,riri,7,2
3,between,276,379,between-category-game-a,riri,7,2
12,between-splish,631,379,between-category-game-a,riri,7,2
3,between,277,427,between-category-game-a,riri,7,2
3,between,278,334,between-category-game-a,riri,7,2
3,between,279,350,between-category-game-a,riri,8,2
12,between-splish,638,350,between-category-game-a,riri,8,2
3,between,280,413,between-category-game-a,riri,8,2
3,between,281,451,between-category-game-a,riri,9,2
3,between,282,418,between-category-game-a,splish,10,3
12,between-splish,434,418,between-category-game-a,splish,10,3
13,within-splish,708,418,between-category-game-a,splish,10,138
3,between,283,525,between-category-game-a,splish,10,3
12,between-splish,435,525,between-category-game-a,splish,10,3
13,within-splish,709,525,between-category-game-a,splish,10,138
3,between,284,454,between-category-game-a,splish,11,3
12,between-splish,436,454,between-category-game-a,splish,11,3
13,within-splish,710,454,between-category-game-a,splish,11,138
3,between,285,306,between-category-game-a,splish,4,3
12,between-splish,461,306,between-category-game-a,splish,4,3
13,within-splish,735,306,between-category-game-a,splish,4,138
3,between,286,305,between-category-game-a,splish,4,3
12,between-splish,462,305,between-category-game-a,splish,4,3
13,within-splish,736,305,between-category-game-a,splish,4,138
3,between,287,352,between-category-game-a,splish,4,3
12,between-splish,463,352,between-category-game-a,splish,4,3
13,within-splish,737,352,between-category-game-a,splish,4,138
3,between,288,287,between-category-game-a,splish,4,3
12,between-splish,464,287,between-category-game-a,splish,4,3
13,within-splish,738,287,between-category-game-a,splish,4,138
3,between,289,477,between-category-game-a,splish,4,3
12,between-splish,465,477,between-category-game-a,splish,4,3
13,within-splish,739,477,between-category-game-a,splish,4,138
3,between,290,339,between-category-game-a,splish,5,3
12,between-splish,467,339,between-category-game-a,splish,5,3
13,within-splish,741,339,between-category-game-a,splish,5,138
3,between,291,359,between-category-game-a,splish,5,3
12,between-splish,468,359,between-category-game-a,splish,5,3
13,within-splish,742,359,between-category-game-a,splish,5,138
3,between,292,365,between-category-game-a,splish,5,3
12,between-splish,470,365,between-category-game-a,splish,5,3
13,within-splish,744,365,between-category-game-a,splish,5,138
3,between,293,317,between-category-game-a,splish,5,3
12,between-splish,471,317,between-category-game-a,splish,5,3
13,within-splish,745,317,between-category-game-a,splish,5,138
3,between,294,374,between-category-game-a,splish,6,3
12,between-splish,473,374,between-category-game-a,splish,6,3
13,within-splish,747,374,between-category-game-a,splish,6,138
3,between,295,430,between-category-game-a,splish,6,3
12,between-splish,477,430,between-category-game-a,splish,6,3
13,within-splish,751,430,between-category-game-a,splish,6,138
3,between,296,388,between-category-game-a,splish,6,3
12,between-splish,478,388,between-category-game-a,splish,6,3
13,within-splish,752,388,between-category-game-a,splish,6,138
3,between,297,283,between-category-game-a,splish,6,3
12,between-splish,479,283,between-category-game-a,splish,6,3
13,within-splish,753,283,between-category-game-a,splish,6,138
3,between,298,332,between-category-game-a,splish,7,3
12,between-splish,480,332,between-category-game-a,splish,7,3
13,within-splish,754,332,between-category-game-a,splish,7,138
3,between,299,450,between-category-game-a,splish,7,3
12,between-splish,481,450,between-category-game-a,splish,7,3
13,within-splish,755,450,between-category-game-a,splish,7,138
3,between,300,431,between-category-game-a,splish,7,3
12,between-splish,482,431,between-category-game-a,splish,7,3
13,within-splish,756,431,between-category-game-a,splish,7,138
3,between,301,462,between-category-game-a,splish,7,3
12,between-splish,483,462,between-category-game-a,splish,7,3
13,within-splish,757,462,between-category-game-a,splish,7,138
3,between,302,383,between-category-game-a,splish,7,3
12,between-splish,484,383,between-category-game-a,splish,7,3
13,within-splish,758,383,between-category-game-a,splish,7,138
3,between,303,530,between-category-game-a,splish,7,3
12,between-splish,485,530,between-category-game-a,splish,7,3
13,within-splish,759,530,between-category-game-a,splish,7,138
3,between,304,479,between-category-game-a,splish,7,3
12,between-splish,486,479,between-category-game-a,splish,7,3
13,within-splish,760,479,between-category-game-a,splish,7,138
3,between,305,325,between-category-game-a,splish,7,3
12,between-splish,487,325,between-category-game-a,splish,7,3
13,within-splish,761,325,between-category-game-a,splish,7,138
3,between,306,375,between-category-game-a,splish,8,3
12,between-splish,488,375,between-category-game-a,splish,8,3
13,within-splish,762,375,between-category-game-a,splish,8,138
3,between,307,496,between-category-game-a,splish,8,3
12,between-splish,489,496,between-category-game-a,splish,8,3
13,within-splish,763,496,between-category-game-a,splish,8,138
3,between,308,411,between-category-game-a,splish,8,3
12,between-splish,490,411,between-category-game-a,splish,8,3
13,within-splish,764,411,between-category-game-a,splish,8,138
3,between,309,506,between-category-game-a,splish,8,3
12,between-splish,491,506,between-category-game-a,splish,8,3
13,within-splish,765,506,between-category-game-a,splish,8,138
3,between,310,435,between-category-game-a,splish,8,3
12,between-splish,492,435,between-category-game-a,splish,8,3
13,within-splish,766,435,between-category-game-a,splish,8,138
3,between,311,403,between-category-game-a,splish,9,3
12,between-splish,493,403,between-category-game-a,splish,9,3
13,within-splish,767,403,between-category-game-a,splish,9,138
3,between,312,516,between-category-game-a,splish,9,3
12,between-splish,494,516,between-category-game-a,splish,9,3
13,within-splish,768,516,between-category-game-a,splish,9,138
4,within,313,279,within-category-game-a,spliff,1,139
13,within-splish,852,279,within-category-game-a,spliff,1,139
4,within,314,362,within-category-game-a,spliff,1,139
13,within-splish,857,362,within-category-game-a,spliff,1,139
4,within,315,415,within-category-game-a,spliff,2,139
13,within-splish,770,415,within-category-game-a,spliff,2,139
4,within,316,393,within-category-game-a,spliff,2,139
13,within-splish,807,393,within-category-game-a,spliff,2,139
4,within,317,296,within-category-game-a,spliff,2,139
13,within-splish,777,296,within-category-game-a,spliff,2,139
4,within,318,381,within-category-game-a,spliff,2,139
4,within,319,467,within-category-game-a,spliff,3,139
13,within-splish,823,467,within-category-game-a,spliff,3,139
4,within,320,327,within-category-game-a,spliff,3,139
13,within-splish,773,327,within-category-game-a,spliff,3,139
4,within,321,321,within-category-game-a,spliff,3,139
4,within,322,401,within-category-game-a,spliff,3,139
13,within-splish,776,401,within-category-game-a,spliff,3,139
4,within,323,400,within-category-game-a,spliff,3,139
13,within-splish,787,400,within-category-game-a,spliff,3,139
4,within,324,302,within-category-game-a,spliff,3,139
13,within-splish,774,302,within-category-game-a,spliff,3,139
4,within,325,433,within-category-game-a,spliff,3,139
4,within,326,458,within-category-game-a,spliff,4,139
4,within,327,510,within-category-game-a,spliff,4,139
13,within-splish,796,510,within-category-game-a,spliff,4,139
4,within,328,366,within-category-game-a,spliff,4,139
13,within-splish,847,366,within-category-game-a,spliff,4,139
4,within,329,335,within-category-game-a,spliff,4,139
13,within-splish,784,335,within-category-game-a,spliff,4,139
4,within,330,295,within-category-game-a,spliff,4,139
13,within-splish,788,295,within-category-game-a,spliff,4,139
4,within,331,293,within-category-game-a,spliff,4,139
13,within-splish,848,293,within-category-game-a,spliff,4,139
4,within,332,446,within-category-game-a,spliff,4,139
13,within-splish,771,446,within-category-game-a,spliff,4,139
4,within,333,357,within-category-game-a,spliff,4,139
13,within-splish,858,357,within-category-game-a,spliff,4,139
4,within,334,409,within-category-game-a,spliff,5,139
13,within-splish,794,409,within-category-game-a,spliff,5,139
4,within,335,423,within-category-game-a,spliff,5,139
13,within-splish,786,423,within-category-game-a,spliff,5,139
4,within,336,314,within-category-game-a,spliff,5,139
4,within,337,438,within-category-game-a,spliff,6,139
13,within-splish,801,438,within-category-game-a,spliff,6,139
4,within,338,442,within-category-game-a,spliff,6,139
13,within-splish,813,442,within-category-game-a,spliff,6,139
4,within,339,346,within-category-game-a,spliff,6,139
13,within-splish,772,346,within-category-game-a,spliff,6,139
4,within,340,486,within-category-game-a,spliff,7,139
13,within-splish,866,486,within-category-game-a,spliff,7,139
4,within,341,492,within-category-game-a,spliff,7,139
4,within,342,511,within-category-game-a,spliff,8,139
13,within-splish,840,511,within-category-game-a,spliff,8,139
4,within,343,521,within-category-game-a,spliff,9,139
13,within-splish,835,521,within-category-game-a,spliff,9,139
4,within,344,473,within-category-game-a,splish,10,138
12,between-splish,496,473,within-category-game-a,splish,10,3
13,within-splish,652,473,within-category-game-a,splish,10,138
4,within,345,488,within-category-game-a,splish,11,138
12,between-splish,497,488,within-category-game-a,splish,11,3
13,within-splish,653,488,within-category-game-a,splish,11,138
4,within,346,494,within-category-game-a,splish,12,138
12,between-splish,498,494,within-category-game-a,splish,12,3
13,within-splish,654,494,within-category-game-a,splish,12,138
4,within,347,483,within-category-game-a,splish,1,138
12,between-splish,499,483,within-category-game-a,splish,1,3
13,within-splish,655,483,within-category-game-a,splish,1,138
4,within,348,315,within-category-game-a,splish,5,138
12,between-splish,520,315,within-category-game-a,splish,5,3
13,within-splish,676,315,within-category-game-a,splish,5,138
4,within,349,348,within-category-game-a,splish,5,138
12,between-splish,521,348,within-category-game-a,splish,5,3
13,within-splish,677,348,within-category-game-a,splish,5,138
4,within,350,277,within-category-game-a,splish,5,138
12,between-splish,523,277,within-category-game-a,splish,5,3
13,within-splish,679,277,within-category-game-a,splish,5,138
4,within,351,290,within-category-game-a,splish,5,138
12,between-splish,524,290,within-category-game-a,splish,5,3
13,within-splish,680,290,within-category-game-a,splish,5,138
4,within,352,402,within-category-game-a,splish,5,138
12,between-splish,525,402,within-category-game-a,splish,5,3
13,within-splish,681,402,within-category-game-a,splish,5,138
4,within,353,439,within-category-game-a,splish,5,138
12,between-splish,526,439,within-category-game-a,splish,5,3
13,within-splish,682,439,within-category-game-a,splish,5,138
4,within,354,354,within-category-game-a,splish,6,138
12,between-splish,528,354,within-category-game-a,splish,6,3
13,within-splish,684,354,within-category-game-a,splish,6,138
4,within,355,294,within-category-game-a,splish,6,138
12,between-splish,529,294,within-category-game-a,splish,6,3
13,within-splish,685,294,within-category-game-a,splish,6,138
4,within,356,337,within-category-game-a,splish,6,138
12,between-splish,530,337,within-category-game-a,splish,6,3
13,within-splish,686,337,within-category-game-a,splish,6,138
4,within,357,355,within-category-game-a,splish,6,138
12,between-splish,532,355,within-category-game-a,splish,6,3
13,within-splish,688,355,within-category-game-a,splish,6,138
4,within,358,508,within-category-game-a,splish,6,138
12,between-splish,533,508,within-category-game-a,splish,6,3
13,within-splish,689,508,within-category-game-a,splish,6,138
4,within,359,422,within-category-game-a,splish,6,138
12,between-splish,534,422,within-category-game-a,splish,6,3
13,within-splish,690,422,within-category-game-a,splish,6,138
4,within,360,520,within-category-game-a,splish,7,138
12,between-splish,537,520,within-category-game-a,splish,7,3
13,within-splish,693,520,within-category-game-a,splish,7,138
4,within,361,410,within-category-game-a,splish,7,138
12,between-splish,538,410,within-category-game-a,splish,7,3
13,within-splish,694,410,within-category-game-a,splish,7,138
4,within,362,392,within-category-game-a,splish,7,138
12,between-splish,539,392,within-category-game-a,splish,7,3
13,within-splish,695,392,within-category-game-a,splish,7,138
4,within,363,397,within-category-game-a,splish,7,138
12,between-splish,540,397,within-category-game-a,splish,7,3
13,within-splish,696,397,within-category-game-a,splish,7,138
4,within,364,364,within-category-game-a,splish,7,138
12,between-splish,541,364,within-category-game-a,splish,7,3
13,within-splish,697,364,within-category-game-a,splish,7,138
4,within,365,320,within-category-game-a,splish,7,138
12,between-splish,542,320,within-category-game-a,splish,7,3
13,within-splish,698,320,within-category-game-a,splish,7,138
4,within,366,301,within-category-game-a,splish,8,138
12,between-splish,543,301,within-category-game-a,splish,8,3
13,within-splish,699,301,within-category-game-a,splish,8,138
4,within,367,376,within-category-game-a,splish,8,138
12,between-splish,544,376,within-category-game-a,splish,8,3
13,within-splish,700,376,within-category-game-a,splish,8,138
4,within,368,460,within-category-game-a,splish,8,138
12,between-splish,545,460,within-category-game-a,splish,8,3
13,within-splish,701,460,within-category-game-a,splish,8,138
4,within,369,444,within-category-game-a,splish,8,138
12,between-splish,546,444,within-category-game-a,splish,8,3
13,within-splish,702,444,within-category-game-a,splish,8,138
4,within,370,514,within-category-game-a,splish,8,138
12,between-splish,547,514,within-category-game-a,splish,8,3
13,within-splish,703,514,within-category-game-a,splish,8,138
4,within,371,469,within-category-game-a,splish,8,138
12,between-splish,548,469,within-category-game-a,splish,8,3
13,within-splish,704,469,within-category-game-a,splish,8,138
4,within,372,324,within-category-game-a,splish,9,138
12,between-splish,549,324,within-category-game-a,splish,9,3
13,within-splish,705,324,within-category-game-a,splish,9,138
4,within,373,447,within-category-game-a,splish,9,138
12,between-splish,550,447,within-category-game-a,splish,9,3
13,within-splish,706,447,within-category-game-a,splish,9,138
4,within,374,347,within-category-game-a,sploush,1,140
13,within-splish,838,347,within-category-game-a,sploush,1,140
4,within,375,370,within-category-game-a,sploush,2,140
13,within-splish,859,370,within-category-game-a,sploush,2,140
4,within,376,395,within-category-game-a,sploush,3,140
13,within-splish,827,395,within-category-game-a,sploush,3,140
4,within,377,289,within-category-game-a,sploush,4,140
13,within-splish,783,289,within-category-game-a,sploush,4,140
4,within,378,468,within-category-game-a,sploush,4,140
13,within-splish,781,468,within-category-game-a,sploush,4,140
4,within,379,322,within-category-game-a,sploush,4,140
4,within,380,399,within-category-game-a,sploush,5,140
4,within,381,421,within-category-game-a,sploush,5,140
13,within-splish,822,421,within-category-game-a,sploush,5,140
4,within,382,276,within-category-game-a,sploush,5,140
13,within-splish,843,276,within-category-game-a,sploush,5,140
4,within,383,380,within-category-game-a,sploush,5,140
13,within-splish,856,380,within-category-game-a,sploush,5,140
4,within,384,304,within-category-game-a,sploush,5,140
13,within-splish,824,304,within-category-game-a,sploush,5,140
4,within,385,358,within-category-game-a,sploush,5,140
4,within,386,288,within-category-game-a,sploush,6,140
4,within,387,408,within-category-game-a,sploush,6,140
13,within-splish,846,408,within-category-game-a,sploush,6,140
4,within,388,461,within-category-game-a,sploush,6,140
4,within,389,441,within-category-game-a,sploush,6,140
13,within-splish,812,441,within-category-game-a,sploush,6,140
4,within,390,391,within-category-game-a,sploush,6,140
4,within,391,310,within-category-game-a,sploush,6,140
13,within-splish,795,310,within-category-game-a,sploush,6,140
4,within,392,443,within-category-game-a,sploush,6,140
13,within-splish,811,443,within-category-game-a,sploush,6,140
4,within,393,319,within-category-game-a,sploush,6,140
4,within,394,368,within-category-game-a,sploush,7,140
4,within,395,472,within-category-game-a,sploush,7,140
13,within-splish,863,472,within-category-game-a,sploush,7,140
4,within,396,512,within-category-game-a,sploush,7,140
13,within-splish,775,512,within-category-game-a,sploush,7,140
4,within,397,491,within-category-game-a,sploush,7,140
13,within-splish,818,491,within-category-game-a,sploush,7,140
4,within,398,484,within-category-game-a,sploush,7,140
4,within,399,448,within-category-game-a,sploush,7,140
4,within,400,487,within-category-game-a,sploush,8,140
4,within,401,507,within-category-game-a,sploush,8,140
13,within-splish,861,507,within-category-game-a,sploush,8,140
4,within,402,522,within-category-game-a,sploush,8,140
13,within-splish,865,522,within-category-game-a,sploush,8,140
4,within,403,312,within-category-game-a,spout,4,141
13,within-splish,800,312,within-category-game-a,spout,4,141
4,within,404,303,within-category-game-a,spout,4,141
13,within-splish,837,303,within-category-game-a,spout,4,141
4,within,405,396,within-category-game-a,spout,4,141
13,within-splish,790,396,within-category-game-a,spout,4,141
4,within,406,278,within-category-game-a,spout,4,141
4,within,407,292,within-category-game-a,spout,4,141
13,within-splish,792,292,within-category-game-a,spout,4,141
4,within,408,291,within-category-game-a,spout,5,141
13,within-splish,850,291,within-category-game-a,spout,5,141
4,within,409,318,within-category-game-a,spout,5,141
13,within-splish,799,318,within-category-game-a,spout,5,141
4,within,410,298,within-category-game-a,spout,5,141
13,within-splish,849,298,within-category-game-a,spout,5,141
4,within,411,349,within-category-game-a,spout,5,141
13,within-splish,797,349,within-category-game-a,spout,5,141
4,within,412,367,within-category-game-a,spout,5,141
4,within,413,369,within-category-game-a,spout,5,141
13,within-splish,860,369,within-category-game-a,spout,5,141
4,within,414,445,within-category-game-a,spout,5,141
4,within,415,329,within-category-game-a,spout,6,141
13,within-splish,821,329,within-category-game-a,spout,6,141
4,within,416,378,within-category-game-a,spout,6,141
13,within-splish,769,378,within-category-game-a,spout,6,141
4,within,417,440,within-category-game-a,spout,6,141
13,within-splish,778,440,within-category-game-a,spout,6,141
4,within,418,356,within-category-game-a,spout,6,141
13,within-splish,853,356,within-category-game-a,spout,6,141
4,within,419,493,within-category-game-a,spout,6,141
13,within-splish,798,493,within-category-game-a,spout,6,141
4,within,420,466,within-category-game-a,spout,6,141
13,within-splish,810,466,within-category-game-a,spout,6,141
4,within,421,424,within-category-game-a,spout,6,141
13,within-splish,791,424,within-category-game-a,spout,6,141
4,within,422,394,within-category-game-a,spout,7,141
13,within-splish,844,394,within-category-game-a,spout,7,141
4,within,423,449,within-category-game-a,spout,7,141
13,within-splish,805,449,within-category-game-a,spout,7,141
4,within,424,459,within-category-game-a,spout,7,141
13,within-splish,839,459,within-category-game-a,spout,7,141
4,within,425,509,within-category-game-a,spout,7,141
13,within-splish,817,509,within-category-game-a,spout,7,141
4,within,426,407,within-category-game-a,spout,7,141
4,within,427,398,within-category-game-a,spout,8,141
13,within-splish,836,398,within-category-game-a,spout,8,141
4,within,428,485,within-category-game-a,spout,8,141
13,within-splish,829,485,within-category-game-a,spout,8,141
4,within,429,474,within-category-game-a,spout,8,141
13,within-splish,845,474,within-category-game-a,spout,8,141
4,within,430,489,within-category-game-a,spout,9,141
13,within-splish,867,489,within-category-game-a,spout,9,141
4,within,431,513,within-category-game-a,spout,9,141
13,within-splish,842,513,within-category-game-a,spout,9,141
4,within,432,519,within-category-game-a,spout,9,141
